"gene_id","gene_name"
"ECB_00001","thrL"
"ECB_00002","thrA"
"ECB_00003","thrB"
"ECB_00004","thrC"
"ECB_00005","yaaX"
"ECB_00006","yaaA"
"ECB_00007","yaaJ"
"ECB_00008","talB"
"ECB_00009","mogA"
"ECB_00010","yaaH"
"ECB_00011","yaaW"
"ECB_00012","htgA"
"ECB_00013","yaaI"
"ECB_00014","dnaK"
"RF02031.1","tpke11"
"ECB_00015","dnaJ"
"ECB_00016","insL-1"
"ECB_00017","mokC"
"RF01794.1","sokC"
"ECB_00018","nhaA"
"ECB_00019","nhaR"
"ECB_00020","ECB_00020"
"ECB_00021","ECB_00021"
"ECB_00022","ECB_00022"
"ECB_00023","insA-1"
"ECB_00024","insB-1"
"ECB_00025","ECB_00025"
"ECB_00026","ECB_00026"
"ECB_00027","rpsT"
"ECB_00028","yaaY"
"ECB_00029","ribF"
"ECB_00030","ileS"
"ECB_00031","lspA"
"ECB_00032","fkpB"
"ECB_00033","ispH"
"ECB_00034","rihC"
"ECB_00035","dapB"
"ECB_00036","carA"
"ECB_00037","carB"
"ECB_00038","caiF"
"ECB_00039","caiE"
"ECB_00040","caiD"
"ECB_00041","caiC"
"ECB_00042","caiB"
"ECB_00043","caiA"
"ECB_00044","caiT"
"ECB_00045","fixA"
"ECB_00046","fixB"
"ECB_00047","fixC"
"ECB_00048","fixX"
"ECB_00049","yaaU"
"ECB_00050","yabF"
"ECB_00051","kefC"
"ECB_00052","folA"
"ECB_00053","apaH"
"ECB_00054","apaG"
"ECB_00055","ksgA"
"ECB_00056","pdxA"
"ECB_00057","surA"
"ECB_00058","imp"
"ECB_00059","djlA"
"ECB_00060","rluA"
"ECB_00061","hepA"
"ECB_00062","polB"
"ECB_00063","araD"
"ECB_00064","araA"
"ECB_00065","araB"
"ECB_00066","araC"
"ECB_00067","yabI"
"ECB_00068","yabJ"
"ECB_00069","thiP"
"ECB_00070","tbpA"
"ECB_00071","yabN"
"RF00534.1","sgrS"
"ECB_00072","setA"
"ECB_00073","leuD"
"ECB_00074","leuC"
"ECB_00075","leuB"
"ECB_00076","leuA"
"ECB_00077","leuL"
"ECB_00078","leuO"
"ECB_00079","ilvI"
"ECB_00080","ilvH"
"ECB_00081","fruR"
"ECB_00082","yabB"
"ECB_00083","mraW"
"ECB_00084","ftsL"
"ECB_00085","ftsI"
"ECB_00086","murE"
"ECB_00087","murF"
"ECB_00088","mraY"
"ECB_00089","murD"
"ECB_00090","ftsW"
"ECB_00091","murG"
"ECB_00092","murC"
"ECB_00093","ddl"
"ECB_00094","ftsQ"
"ECB_00095","ftsA"
"ECB_00096","ftsZ"
"ECB_00097","lpxC"
"ECB_00098","yacA"
"ECB_00099","secA"
"RF02057.1","STnc40"
"ECB_00100","mutT"
"ECB_00101","yacG"
"ECB_00102","yacF"
"ECB_00103","coaE"
"ECB_00104","guaC"
"ECB_00105","hofC"
"ECB_00106","hofB"
"ECB_00107","ppdD"
"ECB_00108","nadC"
"ECB_00109","ampD"
"ECB_00110","ampE"
"ECB_00111","aroP"
"ECB_00112","pdhR"
"RF02030.1","tp2"
"ECB_00113","aceE"
"ECB_00114","aceF"
"ECB_00115","lpdA"
"ECB_00116","yacH"
"ECB_00117","acnB"
"ECB_00118","yacL"
"ECB_00119","speD"
"ECB_00120","speE"
"ECB_00121","yacC"
"ECB_00122","cueO"
"ECB_00123","gcd"
"ECB_00124","hpt"
"ECB_00125","yadF"
"ECB_00126","yadG"
"ECB_00127","yadH"
"ECB_00128","yadI"
"ECB_00129","yadE"
"ECB_00130","panD"
"ECB_00131","yadD"
"ECB_00132","panC"
"ECB_00133","panB"
"ECB_00134","yadC"
"ECB_00135","yadK"
"ECB_00136","yadL"
"ECB_00137","yadM"
"ECB_00138","htrE"
"ECB_00139","ecpD"
"ECB_00140","yadN"
"ECB_00141","folK"
"ECB_00142","pcnB"
"ECB_00143","yadB"
"ECB_00144","dksA"
"ECB_00145","sfsA"
"ECB_00146","ligT"
"ECB_00147","hrpB"
"ECB_00148","mrcB"
"ECB_00149","fhuA"
"ECB_00150","fhuC"
"ECB_00151","fhuD"
"ECB_00152","fhuB"
"ECB_00153","hemL"
"ECB_00154","yadQ"
"ECB_00155","yadR"
"ECB_00156","yadS"
"ECB_00157","yadT"
"ECB_00158","pfs"
"ECB_00159","dgt"
"ECB_00160","degP"
"ECB_00161","cdaR"
"ECB_00162","yaeH"
"ECB_00163","yaeI"
"ECB_00164","dapD"
"ECB_00165","glnD"
"ECB_00166","map"
"RF00127.1","t44"
"ECB_00167","rpsB"
"ECB_00168","tsf"
"ECB_00169","pyrH"
"ECB_00170","frr"
"ECB_00171","ispC"
"ECB_00172","uppS"
"ECB_00173","cdsA"
"ECB_00174","yaeL"
"ECB_00175","yaeT"
"ECB_00176","hlpA"
"ECB_00177","lpxD"
"ECB_00178","fabZ"
"ECB_00179","lpxA"
"ECB_00180","lpxB"
"ECB_00181","rnhB"
"ECB_00182","dnaE"
"ECB_00183","accA"
"ECB_00184","ldcC"
"ECB_00185","yaeR"
"ECB_00186","tilS"
"ECB_00187","rof"
"ECB_00188","yaeP"
"ECB_00189","yaeQ"
"ECB_00190","yaeJ"
"ECB_00191","cutF"
"ECB_00192","yaeF"
"ECB_00193","proS"
"ECB_00194","yaeB"
"ECB_00195","rcsF"
"ECB_00196","metQ"
"ECB_00197","metI"
"ECB_00198","metN"
"ECB_00199","gmhB"
"ECB_r00001","rrsH"
"ECB_t00001","ileV"
"ECB_t00002","alaV"
"RF01830.1","StyR-44"
"ECB_r00002","rrlH"
"ECB_r00003","rrfH"
"ECB_t00003","aspU"
"ECB_00200","dkgB"
"ECB_00201","yafC"
"ECB_00202","yafD"
"ECB_00203","yafE"
"ECB_00204","mltD"
"ECB_00205","gloB"
"ECB_00206","yafS"
"ECB_00207","rnhA"
"ECB_00208","dnaQ"
"ECB_t00004","aspV"
"ECB_00209","yafT"
"ECB_00210","insA-2"
"ECB_00211","insB-2"
"ECB_00212","ECB_00212"
"ECB_00213","yhhI"
"ECB_00214","yafV"
"ECB_00215","ykfE"
"ECB_00216","fadE"
"ECB_00217","lpcA"
"ECB_00218","yafJ"
"ECB_00219","yafK"
"ECB_00220","yafQ"
"ECB_00221","dinJ"
"ECB_00222","yafL"
"ECB_00223","yafM"
"ECB_00224","fhiA"
"ECB_00225","mbhA"
"ECB_00226","dinB"
"ECB_00227","yafN"
"ECB_00228","yafO"
"ECB_00229","yafP"
"ECB_00230","ykfJ"
"ECB_00231","prfH"
"ECB_00232","pepD"
"ECB_00233","gpt"
"ECB_00234","yafA"
"ECB_00235","crl"
"ECB_00236","insA-3"
"ECB_00237","insB-3"
"ECB_00238","phoE"
"ECB_00239","proB"
"ECB_00240","proA"
"ECB_t00005","thrW"
"ECB_00241","yagP"
"ECB_00242","yagQ"
"ECB_00243","yagR"
"ECB_00244","yagS"
"ECB_00245","yagT"
"ECB_00246","yagU"
"RF02111.1","IS009"
"ECB_00247","ykgJ"
"ECB_00248","yagV"
"ECB_00249","yagW"
"ECB_00250","yagX"
"ECB_00251","yagY"
"ECB_00252","yagZ"
"ECB_00253","ykgK"
"ECB_00254","ykgL"
"ECB_00255","ykgM"
"ECB_00256","eaeH"
"ECB_00257","ykgA"
"ECB_00258","ykgB"
"ECB_00259","ykgI"
"ECB_00260","ykgC"
"ECB_00261","ykgD"
"ECB_00262","ykgE"
"ECB_00263","ykgF"
"ECB_00264","ykgG"
"ECB_00265","ECB_00265"
"ECB_00266","ykgH"
"ECB_00267","betA"
"ECB_00268","betB"
"ECB_00269","betI"
"ECB_00270","betT"
"ECB_00271","yahA"
"ECB_00272","yahB"
"ECB_00273","yahC"
"ECB_00274","yahD"
"ECB_00275","yahE"
"ECB_00276","yahF"
"ECB_00277","yahG"
"ECB_00278","yahI"
"ECB_00279","yahJ"
"ECB_00280","yahK"
"ECB_00281","yahL"
"ECB_00282","yahM"
"ECB_00283","yahN"
"ECB_00284","yahO"
"ECB_00285","prpR"
"ECB_00286","prpB"
"ECB_00287","prpC"
"ECB_00288","prpD"
"ECB_00289","prpE"
"ECB_00290","codB"
"ECB_00291","codA"
"ECB_00292","cynR"
"ECB_00293","cynT"
"ECB_00294","cynS"
"ECB_00295","cynX"
"ECB_00296","lacA"
"ECB_00297","lacY"
"ECB_00298","lacZ"
"ECB_00299","lacI"
"ECB_00300","mhpR"
"ECB_00301","mhpA"
"ECB_00302","mhpB"
"ECB_00303","mhpC"
"ECB_00304","mhpD"
"ECB_00305","mhpF"
"ECB_00306","mhpE"
"ECB_00307","mhpT"
"ECB_00308","yaiL"
"ECB_00309","frmB"
"ECB_00310","frmA"
"ECB_00311","frmR"
"ECB_00312","yaiO"
"ECB_00313","insB-4"
"ECB_00314","insA-4"
"ECB_00315","tauA"
"ECB_00316","tauB"
"ECB_00317","tauC"
"ECB_00318","tauD"
"ECB_00319","hemB"
"ECB_00320","ECB_00320"
"ECB_00321","yaiT"
"ECB_00322","yaiV"
"ECB_00323","ampH"
"ECB_00324","sbmA"
"ECB_00325","yaiW"
"ECB_00326","yaiY"
"ECB_00327","yaiZ"
"ECB_00328","ddl"
"ECB_00329","yaiB"
"ECB_00330","phoA"
"ECB_00331","psiF"
"ECB_00332","yaiC"
"ECB_00333","proC"
"ECB_00334","yaiI"
"ECB_00335","aroL"
"ECB_00336","yaiA"
"ECB_00337","aroM"
"ECB_00338","yaiE"
"ECB_00339","ykiA"
"ECB_00340","insB-5"
"ECB_00341","insA-5"
"ECB_00342","rdgC"
"ECB_00343","yajF"
"ECB_00344","araJ"
"ECB_00345","sbcC"
"ECB_00346","sbcD"
"ECB_00347","phoB"
"ECB_00348","phoR"
"ECB_00349","brnQ"
"ECB_00350","proY"
"ECB_00351","malZ"
"ECB_00352","yajB"
"ECB_00353","queA"
"ECB_00354","tgt"
"ECB_00355","yajC"
"ECB_00356","secD"
"ECB_00357","secF"
"ECB_00358","yajD"
"ECB_00359","tsx"
"ECB_00360","yajI"
"ECB_00361","ybaD"
"ECB_00362","ribD"
"ECB_00363","ribH"
"ECB_00364","nusB"
"ECB_00365","thiL"
"ECB_00366","pgpA"
"ECB_00367","yajO"
"ECB_00368","dxs"
"ECB_00369","ispA"
"ECB_00370","xseB"
"ECB_00371","thiI"
"ECB_00372","thiJ"
"ECB_00373","apbA"
"ECB_00374","yajQ"
"ECB_00375","yajR"
"ECB_00376","ECB_00376"
"ECB_00377","ECB_00377"
"ECB_00378","ECB_00378"
"ECB_00379","cyoE"
"ECB_00380","cyoD"
"ECB_00381","cyoC"
"ECB_00382","cyoB"
"ECB_00383","cyoA"
"ECB_00384","ampG"
"ECB_00385","yajG"
"ECB_00386","bolA"
"ECB_00387","tig"
"ECB_00388","clpP"
"ECB_00389","clpX"
"RF02029.1","sraA"
"ECB_00390","insL-2"
"ECB_00391","lon"
"ECB_00392","hupB"
"ECB_00393","ppiD"
"ECB_00394","ybaV"
"ECB_00395","ybaW"
"ECB_00396","ybaX"
"ECB_00397","ybaE"
"ECB_00398","cof"
"ECB_00399","ybaO"
"ECB_00400","mdlA"
"ECB_00401","mdlB"
"ECB_00402","glnK"
"ECB_00403","amtB"
"ECB_00404","tesB"
"ECB_00405","ybaY"
"ECB_00406","ybaZ"
"RF00169.1","SRP"
"ECB_00407","ybaA"
"ECB_00408","ylaB"
"ECB_00409","ylaC"
"ECB_00410","maa"
"ECB_00411","hha"
"ECB_00412","ybaJ"
"ECB_00413","acrB"
"ECB_00414","acrA"
"ECB_00415","acrR"
"ECB_00416","kefA"
"ECB_00417","ybaM"
"ECB_00418","priC"
"ECB_00419","ybaN"
"ECB_00420","apt"
"ECB_00421","dnaX"
"ECB_00422","ybaB"
"ECB_00423","recR"
"ECB_00424","htpG"
"ECB_00425","adk"
"ECB_00426","hemH"
"ECB_00427","aes"
"ECB_00428","gsk"
"ECB_00429","ybaL"
"ECB_00430","fsr"
"ECB_00431","ushA"
"ECB_00432","ybaK"
"RF00368.1","sroB"
"ECB_00433","ybaP"
"ECB_00434","ybaQ"
"ECB_00435","copA"
"ECB_00436","ybaS"
"ECB_00437","ybaT"
"ECB_00438","cueR"
"ECB_00439","ybbJ"
"ECB_00440","ybbK"
"ECB_00441","ybbL"
"ECB_00442","ybbM"
"ECB_00443","ybbN"
"ECB_00444","ybbO"
"ECB_00445","tesA"
"ECB_00446","ybbA"
"ECB_00447","ybbP"
"ECB_00448","rhsD"
"ECB_00449","ybbC"
"ECB_00450","ylbH"
"ECB_00451","ybbD"
"ECB_00452","ylbG"
"ECB_00453","ybbB"
"ECB_00454","ybbS"
"ECB_00455","allA"
"ECB_00456","allR"
"ECB_00457","gcl"
"ECB_00458","hyi"
"ECB_00459","glxR"
"ECB_00460","ybbV"
"ECB_00461","allP"
"ECB_00462","allB"
"ECB_00463","ybbY"
"ECB_00464","glxK"
"RF02068.1","STnc480"
"ECB_00465","ylbA"
"ECB_00466","allC"
"ECB_00467","allD"
"ECB_00468","fdrA"
"ECB_00469","ylbE"
"ECB_00470","ylbF"
"ECB_00471","arcC"
"ECB_00472","purK"
"ECB_00473","purE"
"ECB_00474","ybbF"
"ECB_00475","ppiB"
"ECB_00476","cysS"
"ECB_00477","ybcI"
"ECB_00478","ybcJ"
"ECB_00479","folD"
"ECB_00480","sfmA"
"ECB_00481","sfmC"
"ECB_00482","sfmD"
"ECB_00483","sfmH"
"ECB_00484","sfmF"
"ECB_00485","fimZ"
"ECB_t00007","argU"
"ECB_00486","intD"
"ECB_00487","ECB_00487"
"ECB_00488","ECB_00488"
"ECB_00489","ECB_00489"
"ECB_00490","ECB_00490"
"ECB_00491","ybcD"
"ECB_00492","renD"
"ECB_00493","emrE"
"ECB_00494","ybcK"
"ECB_00495","ybcL"
"ECB_00496","ybcM"
"ECB_00497","ybcN"
"ECB_00498","ninE"
"ECB_00499","ybcO"
"ECB_00500","rus"
"ECB_00501","ylcG"
"ECB_00502","ybcQ"
"ECB_00503","nmpC"
"ECB_00504","insB-6"
"ECB_00505","insA-6"
"ECB_00503","nmpC"
"ECB_00506","ybcR"
"ECB_00507","ybcS"
"ECB_00508","ybcT"
"ECB_00509","ybcU"
"ECB_00510","ECB_00510"
"ECB_00511","nohB"
"ECB_00512","ECB_00512"
"ECB_00513","ECB_00513"
"ECB_00514","ECB_00514"
"ECB_00515","ECB_00515"
"ECB_00516","ECB_00516"
"ECB_00517","ECB_00517"
"ECB_00518","appY"
"ECB_00519","ompT"
"ECB_00520","envY"
"ECB_00521","ybcH"
"ECB_00522","nfrA"
"ECB_00523","nfrB"
"ECB_00524","ECB_00524"
"ECB_00525","yhhI"
"ECB_00526","ECB_00526"
"ECB_00527","ECB_00527"
"ECB_00528","ECB_00528"
"ECB_00529","ECB_00529"
"ECB_00530","ECB_00530"
"ECB_00531","cusS"
"ECB_00532","cusR"
"ECB_00533","cusC"
"ECB_00534","ylcC"
"ECB_00535","cusB"
"ECB_00536","cusA"
"ECB_00537","pheP"
"ECB_00538","ybdG"
"ECB_00539","nfnB"
"ECB_00540","ybdF"
"ECB_00541","ybdJ"
"ECB_00542","ybdK"
"ECB_00543","insJ-1"
"ECB_00544","insK-1"
"ECB_00545","insB-7"
"ECB_00546","insA-7"
"ECB_00544","insK-1"
"ECB_00547","hokE"
"ECB_00548","insL-3"
"ECB_00549","entD"
"ECB_00550","fepA"
"ECB_00551","fes"
"ECB_00552","ybdZ"
"ECB_00553","entF"
"ECB_00554","fepE"
"ECB_00555","fepC"
"ECB_00556","fepG"
"ECB_00557","fepD"
"ECB_00558","ybdA"
"ECB_00559","fepB"
"ECB_00560","entC"
"ECB_00561","entE"
"ECB_00562","entB"
"ECB_00563","entA"
"ECB_00564","ybdB"
"ECB_00565","cstA"
"ECB_00566","ybdD"
"ECB_00567","ybdH"
"ECB_00568","ybdL"
"ECB_00569","ybdM"
"ECB_00570","ybdN"
"ECB_00571","insB-8"
"ECB_00572","insA-8"
"ECB_00573","dsbG"
"ECB_00574","ahpC"
"ECB_00575","ahpF"
"ECB_00576","ybdQ"
"ECB_00577","ybdR"
"ECB_00578","rnk"
"RF01771.1","rnk_leader"
"ECB_00579","rna"
"ECB_00580","citT"
"ECB_00581","citG"
"ECB_00582","citX"
"ECB_00583","citF"
"ECB_00584","citE"
"ECB_00585","citD"
"ECB_00586","citC"
"ECB_00587","insB-9"
"ECB_00588","insA-9"
"ECB_00589","citA"
"ECB_00590","citB"
"ECB_00591","dcuC"
"ECB_00592","crcA"
"ECB_00593","cspE"
"ECB_00594","ccrB"
"ECB_00595","ybeM"
"ECB_00596","tatE"
"ECB_00597","lipA"
"ECB_00598","ybeF"
"ECB_00599","lipB"
"ECB_00600","ybeD"
"ECB_00601","dacA"
"ECB_00602","rlpA"
"ECB_00603","mrdB"
"ECB_00604","mrdA"
"ECB_00605","ybeA"
"ECB_00606","ybeB"
"ECB_00607","phpB"
"ECB_00608","nadD"
"ECB_00609","holA"
"ECB_00610","rlpB"
"ECB_00611","leuS"
"ECB_00612","ybeL"
"ECB_00613","ybeQ"
"ECB_00614","ybeR"
"ECB_00615","ybeV"
"ECB_00616","hscC"
"ECB_00617","rihA"
"ECB_00618","gltL"
"ECB_00619","insJ-2"
"ECB_00620","insK-2"
"ECB_00618","gltL"
"ECB_00621","gltK"
"ECB_00622","gltJ"
"RF00369.1","sroC"
"ECB_00623","gltI"
"ECB_00624","ECB_00624"
"ECB_00625","lnt"
"ECB_00626","ybeX"
"ECB_00627","ybeY"
"ECB_00628","ybeZ"
"ECB_00629","yleA"
"ECB_00630","ubiF"
"ECB_t00008","glnX"
"ECB_t00009","glnV"
"ECB_t00010","metU"
"ECB_t00011","glnW"
"ECB_t00012","glnU"
"ECB_t00013","leuW"
"ECB_t00014","metT"
"ECB_00631","asnB"
"ECB_00632","nagD"
"ECB_00633","nagC"
"ECB_00634","nagA"
"ECB_00635","nagB"
"ECB_00636","nagE"
"ECB_00637","glnS"
"ECB_00638","ybfM"
"ECB_00639","ybfN"
"ECB_00640","fur"
"ECB_00641","fldA"
"ECB_00642","ybfE"
"ECB_00643","ybfF"
"ECB_00644","seqA"
"ECB_00645","pgm"
"ECB_00646","ybfP"
"ECB_00647","ybfGH"
"ECB_00648","potE"
"ECB_00649","speF"
"ECB_00650","ECB_00650"
"ECB_00651","kdpE"
"ECB_00652","kdpD"
"ECB_00653","kdpC"
"ECB_00654","kdpB"
"ECB_00655","kdpA"
"ECB_00656","kdpF"
"ECB_00657","ybfA"
"ECB_00658","rhsC"
"ECB_00659","ybfB"
"ECB_00660","ybfO"
"ECB_00661","ybfC"
"ECB_00662","ECB_00662"
"ECB_00663","ECB_00663"
"ECB_00664","ECB_00664"
"ECB_00665","yhhI"
"ECB_00666","ybfD"
"ECB_00667","ybgA"
"ECB_00668","phrB"
"ECB_00669","ybgH"
"ECB_00670","ybgI"
"ECB_00671","ybgJ"
"ECB_00672","ybgK"
"ECB_00673","ybgL"
"ECB_00674","nei"
"ECB_00675","abrB"
"ECB_00676","ybgO"
"ECB_00677","ybgP"
"ECB_00678","ybgQ"
"ECB_00679","ybgD"
"ECB_00680","gltA"
"ECB_00681","sdhC"
"ECB_00682","sdhD"
"ECB_00683","sdhA"
"ECB_00684","sdhB"
"ECB_00685","sucA"
"ECB_00686","sucB"
"ECB_00687","sucC"
"ECB_00688","sucD"
"ECB_00689","farR"
"ECB_00690","hrsA"
"ECB_00691","ybgG"
"ECB_00692","cydA"
"ECB_00693","cydB"
"ECB_00694","ybgT"
"ECB_00695","ybgE"
"ECB_00696","ybgC"
"ECB_00697","tolQ"
"ECB_00698","tolR"
"ECB_00699","tolA"
"ECB_00700","tolB"
"ECB_00701","pal"
"ECB_00702","ybgF"
"ECB_t00015","lysT"
"ECB_t00016","valT"
"ECB_t00017","lysW"
"ECB_t00018","valZ"
"ECB_t00019","lysY"
"ECB_t00020","lysZ"
"ECB_t00021","lysQ"
"ECB_00703","nadA"
"ECB_00704","pnuC"
"ECB_00705","ybgR"
"ECB_00706","ybgS"
"ECB_00707","aroG"
"ECB_00708","gpmA"
"ECB_00709","galM"
"ECB_00710","galK"
"ECB_00711","galT"
"ECB_00712","galE"
"ECB_00713","modF"
"ECB_00714","modE"
"ECB_00715","ybhT"
"ECB_00716","modA"
"ECB_00717","modB"
"ECB_00718","modC"
"ECB_00719","ybhA"
"ECB_00720","ybhE"
"ECB_00721","ybhD"
"ECB_00722","ybhH"
"ECB_00723","ybhI"
"ECB_00724","ybhJ"
"ECB_00725","ybhC"
"ECB_00726","ECB_00726"
"ECB_00727","ECB_00727"
"ECB_00728","ECB_00728"
"ECB_00729","ECB_00729"
"ECB_00730","ECB_00730"
"ECB_00731","ECB_00731"
"ECB_00732","ECB_00732"
"ECB_00733","ECB_00733"
"ECB_00734","ECB_00734"
"ECB_00735","ECB_00735"
"ECB_00736","ECB_00736"
"ECB_00737","ECB_00737"
"ECB_00738","ECB_00738"
"ECB_00739","ECB_00739"
"ECB_00740","ybhB"
"ECB_00741","bioA"
"ECB_00742","bioB"
"ECB_00743","bioF"
"ECB_00744","bioC"
"ECB_00745","bioD"
"ECB_00746","uvrB"
"ECB_00747","ybhK"
"ECB_00748","moaA"
"ECB_00749","moaB"
"ECB_00750","moaC"
"ECB_00751","moaD"
"ECB_00752","moaE"
"ECB_00753","ybhL"
"ECB_00754","ybhM"
"ECB_00755","ybhN"
"ECB_00756","ybhO"
"ECB_00757","ybhP"
"ECB_00758","ybhQ"
"ECB_00759","ybhR"
"ECB_00760","ybhS"
"ECB_00761","ybhF"
"ECB_00762","ybhG"
"ECB_00763","ybiH"
"ECB_00764","rhlE"
"ECB_00765","ybiA"
"ECB_00766","dinG"
"ECB_00767","ybiB"
"ECB_00768","ybiC"
"ECB_00769","ybiJ"
"ECB_00770","ybiI"
"ECB_00771","ybiX"
"ECB_00772","ybiL"
"ECB_00773","ybiM"
"ECB_00774","ybiN"
"ECB_00775","ybiO"
"ECB_00776","glnQ"
"ECB_00777","glnP"
"ECB_00778","glnH"
"ECB_00779","dps"
"ECB_00780","ybiF"
"ECB_00781","ompX"
"ECB_00782","ybiP"
"ECB_00783","ECB_00783"
"ECB_00784","mntR"
"ECB_00785","ybiR"
"ECB_00786","ybiS"
"ECB_00787","ybiT"
"ECB_00788","ybiU"
"ECB_00789","ybiV"
"ECB_00790","ybiW"
"ECB_00791","ybiY"
"ECB_00792","fsa"
"ECB_00793","moeB"
"ECB_00794","moeA"
"ECB_00795","ybiK"
"ECB_00796","yliA"
"ECB_00797","yliB"
"ECB_00798","yliC"
"ECB_00799","yliD"
"ECB_00800","yliE"
"ECB_00801","yliF"
"ECB_00802","yliG"
"ECB_00803","yliH"
"ECB_00804","yliI"
"ECB_00805","yliJ"
"ECB_00806","dacC"
"ECB_00807","deoR"
"ECB_00808","ybjG"
"ECB_00809","cmr"
"ECB_00810","ybjH"
"ECB_00811","ybjI"
"ECB_00812","ybjJ"
"ECB_00813","ybjK"
"ECB_00814","ECB_00814"
"ECB_00815","ECB_00815"
"ECB_00816","ECB_00816"
"ECB_00817","ECB_00817"
"ECB_00818","ECB_00818"
"ECB_00819","ECB_00819"
"ECB_00820","ECB_00820"
"ECB_00821","ECB_00821"
"ECB_00822","ECB_00822"
"ECB_00823","ECB_00823"
"ECB_00824","ECB_00824"
"ECB_00825","ECB_00825"
"ECB_00826","ECB_00826"
"ECB_00827","ECB_00827"
"ECB_00828","ECB_00828"
"ECB_00829","ECB_00829"
"RF00170.1","msr"
"ECB_00831","ECB_00831"
"ECB_00832","ECB_00832"
"ECB_00833","ECB_00833"
"ECB_00834","ECB_00834"
"ECB_00835","ECB_00835"
"ECB_00836","ECB_00836"
"ECB_00837","ECB_00837"
"ECB_00838","ECB_00838"
"ECB_00839","ECB_00839"
"ECB_00840","ECB_00840"
"ECB_00841","ECB_00841"
"ECB_00842","ECB_00842"
"ECB_00843","ECB_00843"
"ECB_00844","ECB_00844"
"ECB_00845","ECB_00845"
"ECB_00846","ECB_00846"
"ECB_00847","tfaE"
"ECB_00848","ECB_00848"
"ECB_00849","ECB_00849"
"ECB_00850","ECB_00850"
"ECB_00851","ECB_00851"
"RF00110.1","rybB"
"ECB_00852","ybjL"
"ECB_00853","ybjM"
"ECB_00854","grxA"
"ECB_00855","ybjC"
"ECB_00856","nfsA"
"ECB_00857","rimK"
"ECB_00858","ybjN"
"ECB_00859","potF"
"ECB_00860","potG"
"ECB_00861","potH"
"ECB_00862","potI"
"ECB_00863","ybjO"
"ECB_00864","ybjF"
"ECB_00865","artJ"
"ECB_00866","artM"
"ECB_00867","artQ"
"ECB_00868","artI"
"ECB_00869","artP"
"ECB_00870","ybjP"
"ECB_00871","ybjQ"
"ECB_00872","ybjR"
"ECB_00873","ybjS"
"ECB_00874","ybjT"
"ECB_00875","ltaE"
"ECB_00876","poxB"
"ECB_00877","hcr"
"ECB_00878","hcp"
"ECB_00879","ybjE"
"ECB_00880","aqpZ"
"ECB_00881","ybjD"
"ECB_00882","ybjX"
"ECB_00883","macA"
"ECB_00884","macB"
"ECB_00885","cspD"
"ECB_00886","clpS"
"ECB_00887","clpA"
"RF01317.1","CRISPR-DR4"
"","CRISPR-DR4"
"ECB_t00022","serW"
"ECB_00888","infA"
"ECB_00889","aat"
"ECB_00890","cydC"
"ECB_00891","cydD"
"ECB_00892","trxB"
"ECB_00893","lrp"
"ECB_00894","ftsK"
"ECB_00895","lolA"
"ECB_00896","ycaJ"
"ECB_00897","serS"
"RF02084.1","STnc130"
"ECB_00898","dmsA"
"ECB_00899","dmsB"
"ECB_00900","dmsC"
"ECB_00901","ycaC"
"ECB_00902","ycaD"
"ECB_00903","ycaM"
"ECB_00904","ycaN"
"ECB_00905","ycaK"
"ECB_00906","pflA"
"ECB_00907","pflB"
"ECB_00908","focA"
"ECB_00909","ycaO"
"ECB_00910","ycaP"
"ECB_00911","serC"
"ECB_00912","aroA"
"ECB_00913","ycaL"
"ECB_00914","cmk"
"ECB_00915","rpsA"
"ECB_00916","himD"
"ECB_00917","ycaI"
"ECB_00918","msbA"
"ECB_00919","lpxK"
"ECB_00920","ycaQ"
"ECB_00921","ycaR"
"ECB_00922","kdsB"
"ECB_00923","ycbJ"
"ECB_00924","ycbC"
"ECB_00925","smtA"
"ECB_00926","mukF"
"ECB_00927","mukE"
"ECB_00928","mukB"
"ECB_00929","ycbB"
"ECB_00930","ycbK"
"ECB_00931","ycbL"
"ECB_00932","aspC"
"ECB_00933","ompF"
"ECB_00934","asnS"
"ECB_00935","pncB"
"ECB_00936","pepN"
"ECB_00937","ssuB"
"ECB_00938","ssuC"
"ECB_00939","ssuD"
"ECB_00940","ssuA"
"ECB_00941","ssuE"
"ECB_00942","ycbQ"
"ECB_00943","ycbR"
"ECB_00944","ycbS"
"ECB_00945","ycbT"
"ECB_00946","ycbU"
"ECB_00947","ycbV"
"ECB_00948","ycbF"
"ECB_00949","pyrD"
"ECB_00950","ycbW"
"ECB_00951","ycbX"
"ECB_00952","ycbY"
"ECB_00953","uup"
"ECB_00954","pqiA"
"ECB_00955","pqiB"
"ECB_00956","ymbA"
"ECB_00957","rmf"
"ECB_00958","fabA"
"ECB_00959","ycbZ"
"ECB_00960","ycbG"
"ECB_00961","ompA"
"ECB_00962","sulA"
"ECB_00963","yccR"
"ECB_00964","yccS"
"ECB_00965","yccF"
"ECB_00966","helD"
"ECB_00967","mgsA"
"ECB_00968","yccT"
"ECB_00969","yccU"
"ECB_00970","yccV"
"ECB_00971","yccW"
"ECB_00972","yccX"
"ECB_00973","yccK"
"ECB_00974","yccA"
"ECB_t00023","serT"
"ECB_00975","hyaA"
"ECB_00976","hyaB"
"ECB_00977","hyaC"
"ECB_00978","hyaD"
"ECB_00979","hyaE"
"ECB_00980","hyaF"
"ECB_00981","appC"
"ECB_00982","appB"
"ECB_00983","appA"
"ECB_00984","yccC"
"ECB_00985","yccY"
"ECB_00986","yccZ"
"ECB_00987","ymcA"
"ECB_00988","ymcB"
"ECB_00989","ymcC"
"ECB_00990","ymcD"
"ECB_00991","cspH"
"ECB_00992","cspG"
"ECB_00993","sfa"
"ECB_00994","gnsA"
"ECB_00995","yccM"
"ECB_00996","torS"
"ECB_00997","torT"
"ECB_00998","torR"
"ECB_00999","torC"
"ECB_01000","torA"
"ECB_01001","torD"
"ECB_01002","yccD"
"ECB_01003","cbpA"
"ECB_01004","yccE"
"ECB_01005","agp"
"ECB_01006","yccJ"
"ECB_01007","wrbA"
"ECB_01008","ymdF"
"ECB_01009","ycdG"
"ECB_01010","ycdH"
"ECB_01011","ycdI"
"ECB_01012","ycdJ"
"ECB_01013","ycdK"
"ECB_01014","ycdL"
"ECB_01015","ycdM"
"ECB_01016","ycdC"
"ECB_01017","putA"
"ECB_01018","putP"
"ECB_01019","ycdN"
"ECB_01020","ycdO"
"ECB_01021","ycdB"
"ECB_01022","phoH"
"ECB_01023","ycdP"
"ECB_01024","ycdQ"
"ECB_01025","ycdR"
"ECB_01026","ycdS"
"ECB_01027","ycdT"
"ECB_01028","insF-1"
"ECB_01029","insE-1"
"ECB_t00024","serX"
"ECB_01030","ycdW"
"ECB_01031","ycdX"
"ECB_01032","ycdY"
"ECB_01033","ycdZ"
"ECB_01034","csgG"
"ECB_01035","csgF"
"ECB_01036","csgE"
"ECB_01037","csgD"
"ECB_01038","csgB"
"ECB_01039","csgA"
"ECB_01040","csgC"
"ECB_01041","ymdA"
"ECB_01042","ymdB"
"ECB_01043","ymdC"
"ECB_01044","mdoC"
"ECB_01045","mdoG"
"ECB_01046","mdoH"
"ECB_01047","yceK"
"ECB_01048","msyB"
"ECB_01049","yceE"
"ECB_01050","htrB"
"ECB_01051","yceA"
"ECB_01052","yceI"
"ECB_01053","yceJ"
"ECB_01054","yceO"
"ECB_01055","solA"
"ECB_01056","yceP"
"ECB_01057","dinI"
"ECB_01058","pyrC"
"ECB_01059","yceB"
"ECB_01060","grxB"
"ECB_01061","yceL"
"ECB_01062","rimJ"
"ECB_01063","yceH"
"ECB_01064","mviM"
"ECB_01065","mviN"
"ECB_01066","flgN"
"ECB_01067","flgM"
"ECB_01068","flgA"
"ECB_01069","flgB"
"ECB_01070","flgC"
"ECB_01071","flgD"
"ECB_01072","flgE"
"ECB_01073","flgF"
"ECB_01074","flgG"
"ECB_01075","flgH"
"ECB_01076","flgI"
"ECB_01077","flgJ"
"ECB_01078","flgK"
"ECB_01079","flgL"
"ECB_01080","rne"
"ECB_01081","ECB_01081"
"ECB_01082","rluC"
"ECB_01083","maf"
"RF00077.1","sraB"
"ECB_01084","yceD"
"ECB_01085","rpmF"
"ECB_01086","plsX"
"ECB_01087","fabH"
"ECB_01088","fabD"
"ECB_01089","fabG"
"ECB_01090","acpP"
"ECB_01091","fabF"
"ECB_01092","pabC"
"ECB_01093","yceG"
"ECB_01094","tmk"
"ECB_01095","holB"
"ECB_01096","ycfH"
"ECB_01097","ptsG"
"ECB_01098","fhuE"
"ECB_01099","ycfF"
"ECB_01100","ycfL"
"ECB_01101","ycfM"
"ECB_01102","ycfN"
"ECB_01103","nagZ"
"ECB_01104","ycfP"
"ECB_01105","ndh"
"ECB_01106","ycfJ"
"ECB_01107","ycfQ"
"ECB_01108","ycfR"
"ECB_01109","ycfS"
"ECB_01110","mfd"
"ECB_01111","ycfT"
"ECB_01112","ycfU"
"ECB_01113","ycfV"
"ECB_01114","ycfW"
"ECB_01115","ycfX"
"ECB_01116","insA-10"
"ECB_01117","insB-10"
"ECB_01115","ycfX"
"ECB_01118","cobB"
"ECB_01119","ycfZ"
"ECB_01120","ymfA"
"ECB_01121","potD"
"ECB_01122","potC"
"ECB_01123","potB"
"ECB_01124","potA"
"ECB_01125","pepT"
"ECB_01126","ycfD"
"ECB_01127","phoQ"
"ECB_01128","phoP"
"ECB_01129","purB"
"ECB_01130","ycfC"
"ECB_01131","trmU"
"ECB_01132","ymfB"
"ECB_01133","ymfC"
"ECB_01134","icdA"
"ECB_01135","ycgW"
"ECB_01136","ycgX"
"ECB_01137","ycgE"
"ECB_01138","ycgF"
"ECB_01139","ycgZ"
"ECB_01140","ymgA"
"ECB_01141","ymgB"
"ECB_01142","ymgC"
"ECB_01143","ycgG"
"ECB_01144","ymgF"
"ECB_01145","ycgH"
"ECB_01146","ymgD"
"ECB_01147","ECB_01147"
"ECB_01148","ycgI"
"ECB_01149","minE"
"ECB_01150","minD"
"ECB_01151","minC"
"ECB_01152","ycgJ"
"ECB_01153","ycgK"
"ECB_01154","ycgL"
"ECB_01155","ycgM"
"ECB_01156","ycgN"
"ECB_01157","hlyE"
"RF00119.1","C0299"
"ECB_01158","umuD"
"ECB_01159","umuC"
"ECB_01160","dsbB"
"ECB_01161","nhaB"
"ECB_01162","fadR"
"ECB_01163","ycgB"
"ECB_01164","dadA"
"ECB_01165","alr"
"ECB_01166","ycgO"
"ECB_01167","ldcA"
"ECB_01168","mltE"
"ECB_01169","ycgR"
"ECB_01170","ymgE"
"ECB_01171","ycgY"
"ECB_01172","treA"
"ECB_01173","dhaM"
"ECB_01174","dhaL"
"ECB_01175","dhaK"
"ECB_01176","dhaR"
"ECB_01177","ycgV"
"ECB_01178","ychF"
"ECB_01179","pth"
"ECB_01180","ychH"
"ECB_01181","ychM"
"ECB_01182","prsA"
"ECB_01183","ispE"
"ECB_01184","lolB"
"ECB_01185","hemA"
"ECB_01186","prfA"
"ECB_01187","hemK"
"ECB_01188","ychQ"
"ECB_01189","ychA"
"ECB_01190","kdsA"
"ECB_01191","ldrA"
"RF01813.1","rdlD"
"ECB_01192","ldrB"
"RF01813.2","rdlD"
"ECB_01193","ldrC"
"RF01813.3","rdlD"
"ECB_01194","chaA"
"ECB_01195","chaB"
"ECB_01196","chaC"
"ECB_01197","ychN"
"ECB_01198","ychP"
"ECB_01199","narL"
"ECB_01200","narX"
"ECB_01201","narK"
"ECB_01202","narG"
"ECB_01203","narH"
"ECB_01204","narJ"
"ECB_01205","narI"
"ECB_01206","ECB_01206"
"ECB_01207","tpr"
"ECB_t00025","tyrV"
"ECB_t00026","tyrT"
"ECB_01208","purU"
"ECB_01209","ychJ"
"ECB_01210","ychK"
"ECB_01211","hnr"
"ECB_01212","galU"
"ECB_01213","hns"
"ECB_01214","tdk"
"ECB_01215","adhE"
"ECB_01216","ychE"
"ECB_01217","oppA"
"ECB_01218","oppB"
"ECB_01219","oppC"
"ECB_01220","oppD"
"ECB_01221","oppF"
"ECB_01222","yciU"
"ECB_01223","cls"
"ECB_01224","kch"
"ECB_01225","yciI"
"ECB_01226","tonB"
"ECB_01227","yciA"
"ECB_01228","ispZ"
"ECB_01229","yciC"
"ECB_01230","yciD"
"ECB_01231","yciE"
"ECB_01232","yciF"
"ECB_01233","yciG"
"ECB_01234","trpA"
"ECB_01235","trpB"
"ECB_01236","trpC"
"ECB_01237","trpD"
"ECB_01238","trpE"
"ECB_01239","trpL"
"ECB_01240","yciV"
"ECB_01241","yciO"
"ECB_01242","yciQ"
"ECB_01243","insA-11"
"ECB_01244","insB-11"
"ECB_01242","yciQ"
"ECB_01245","yciL"
"ECB_01246","btuR"
"ECB_01247","yciK"
"ECB_01248","sohB"
"ECB_01249","yciN"
"ECB_01250","topA"
"ECB_01251","cysB"
"ECB_01252","yciX"
"RF02079.1","STnc180"
"ECB_01253","acnA"
"ECB_01254","ribA"
"ECB_01255","pgpB"
"ECB_01256","yciS"
"ECB_01257","yciM"
"ECB_01258","pyrF"
"ECB_01259","yciH"
"ECB_01260","osmB"
"ECB_01261","yciT"
"ECB_01262","yciR"
"ECB_01263","rnb"
"ECB_01264","yciW"
"ECB_01265","fabI"
"ECB_01266","ycjD"
"ECB_01267","sapF"
"ECB_01268","sapD"
"ECB_01269","sapC"
"ECB_01270","sapB"
"ECB_01271","sapA"
"ECB_01272","ymjA"
"ECB_01273","ycjJ"
"ECB_01274","ycjK"
"ECB_01275","ycjL"
"ECB_01276","ycjC"
"ECB_01277","aldH"
"ECB_01278","ordL"
"ECB_01279","goaG"
"ECB_01280","pspF"
"ECB_01281","pspA"
"ECB_01282","pspB"
"ECB_01283","pspC"
"ECB_01284","pspD"
"ECB_01285","pspE"
"ECB_01286","ycjM"
"ECB_01287","ycjN"
"ECB_01288","ycjO"
"ECB_01289","ycjP"
"ECB_01290","ycjQ"
"ECB_01291","ycjR"
"ECB_01292","ycjS"
"ECB_01293","ycjT"
"ECB_01294","ycjU"
"ECB_01295","ycjV"
"ECB_01296","ompG"
"ECB_01297","ycjW"
"ECB_01298","ycjX"
"ECB_01299","ycjF"
"ECB_01300","tyrR"
"ECB_01301","tpx"
"ECB_01302","ycjG"
"ECB_01303","ycjI"
"ECB_01304","ymjC"
"ECB_01305","ycjY"
"ECB_01306","ycjZ"
"ECB_01307","mppA"
"ECB_01308","ynaI"
"ECB_01309","ynaJ"
"ECB_01310","ydaA"
"ECB_01311","fnr"
"ECB_01312","ogt"
"ECB_01313","abgT"
"ECB_01314","abgB"
"ECB_01315","abgA"
"ECB_01316","abgR"
"RF00115.1","IS061"
"ECB_01317","ydaL"
"ECB_01318","ydaM"
"ECB_01319","ydaN"
"RF01796.1","frnS"
"ECB_01320","dbpA"
"ECB_01321","ydaO"
"ECB_01322","intR"
"ECB_01323","xisR"
"ECB_01324","ydaC"
"ECB_01325","lar"
"ECB_01326","recT"
"ECB_01327","recE"
"ECB_01328","racC"
"ECB_01329","ydaE"
"ECB_01330","kil"
"RF00039.1","dicF"
"ECB_01331","sieB"
"ECB_01332","ydaF"
"ECB_01333","ydaG"
"ECB_01334","ECB_01334"
"ECB_01335","ECB_01335"
"ECB_01336","ECB_01336"
"ECB_01337","ydfQ"
"ECB_01338","rzpR"
"ECB_01339","trkG"
"ECB_01340","ynaK"
"ECB_01341","ECB_01341"
"ECB_01342","ECB_01342"
"ECB_01343","ECB_01343"
"ECB_01344","ECB_01344"
"ECB_01345","pinR"
"ECB_01346","ynaE"
"ECB_01347","ynaF"
"ECB_01348","ompN"
"RF00121.1","micC"
"ECB_01349","ydbK"
"ECB_01350","ydbJ"
"ECB_01351","hslJ"
"ECB_01352","ldhA"
"ECB_01353","ydbH"
"ECB_01354","ynbE"
"ECB_01355","ydbL"
"ECB_01356","feaR"
"ECB_01357","feaB"
"ECB_01358","tynA"
"ECB_01359","insE-2"
"ECB_01360","insF-2"
"ECB_01361","ydbC"
"ECB_01362","ydbD"
"ECB_01363","ynbA"
"ECB_01364","ynbB"
"ECB_01365","ynbC"
"ECB_01366","ynbD"
"ECB_01367","acpD"
"ECB_01368","hrpA"
"ECB_01369","ydcF"
"ECB_01370","aldA"
"ECB_01371","gapC"
"ECB_01372","insA-12"
"ECB_01373","insB-12"
"ECB_01374","cybB"
"RF00505.1","rydC"
"ECB_01375","ydcA"
"ECB_01376","hokB"
"ECB_01377","mokB"
"RF01794.2","sokB"
"ECB_01378","trg"
"ECB_01379","ydcI"
"ECB_01380","ydcJ"
"ECB_01381","ydcG"
"ECB_01382","ECB_01382"
"ECB_01383","ydcH"
"ECB_01384","rimL"
"ECB_01385","ydcK"
"ECB_01386","tehA"
"ECB_01387","tehB"
"ECB_01388","ydcL"
"ECB_01389","yncK"
"ECB_01390","ydcM"
"ECB_01391","ydcO"
"ECB_01392","ydcN"
"ECB_01393","ydcP"
"ECB_01394","yncJ"
"ECB_01395","ydcQ"
"ECB_01396","ydcR"
"ECB_01397","ydcS"
"ECB_01398","ydcT"
"ECB_01399","ydcU"
"ECB_01400","ydcV"
"ECB_01401","ydcW"
"ECB_01402","ydcX"
"ECB_01403","ydcY"
"ECB_01404","ydcZ"
"ECB_01405","yncA"
"ECB_01406","yncB"
"ECB_01407","yncC"
"ECB_01408","yncD"
"ECB_01409","yncE"
"ECB_01410","ansP"
"ECB_01411","yncG"
"ECB_01412","yncH"
"ECB_01413","ECB_01413"
"ECB_01414","rhsE"
"ECB_01415","ydcD"
"ECB_01416","ECB_01416"
"ECB_01417","ECB_01417"
"ECB_01418","ydcC"
"ECB_01419","ydcE"
"ECB_01420","yddH"
"ECB_01421","nhoA"
"ECB_01422","yddE"
"ECB_01423","narV"
"ECB_01424","narW"
"ECB_01425","narY"
"ECB_01426","narZ"
"ECB_01427","narU"
"ECB_01428","yddJ"
"ECB_01429","yddK"
"ECB_01430","yddL"
"ECB_01431","yddG"
"ECB_01432","fdnG"
"ECB_01433","fdnH"
"ECB_01434","fdnI"
"ECB_01435","yddM"
"ECB_01436","adhP"
"ECB_01437","sfcA"
"ECB_01438","rpsV"
"ECB_01439","bdm"
"ECB_01440","osmC"
"ECB_01441","yddO"
"ECB_01442","yddP"
"ECB_01443","yddQ"
"ECB_01444","yddR"
"ECB_01445","yddS"
"ECB_01446","ddpX"
"ECB_01447","dos"
"ECB_01448","yddV"
"ECB_01449","yddW"
"ECB_01450","xasA"
"ECB_01451","gadB"
"ECB_01452","pqqL"
"ECB_01453","yddB"
"ECB_01454","yddA"
"ECB_01455","ydeM"
"ECB_01456","ydeN"
"ECB_01457","ydeO"
"ECB_01458","ECB_01458"
"ECB_01459","ydeP"
"ECB_01460","ydeQ"
"ECB_01461","ydeR"
"ECB_01462","ydeS"
"ECB_01463","ydeT"
"ECB_01464","ECB_01464"
"ECB_01465","ECB_01465"
"ECB_01466","ECB_01466"
"ECB_01467","ECB_01467"
"ECB_01468","yneL"
"ECB_01469","hipA"
"ECB_01470","hipB"
"ECB_01471","ydeU"
"ECB_01472","ydeZ"
"ECB_01473","yneA"
"ECB_01474","yneB"
"ECB_01475","yneC"
"ECB_01476","tam"
"ECB_01477","yneE"
"ECB_01478","uxaB"
"ECB_01479","yneF"
"ECB_01480","yneG"
"ECB_01481","yneH"
"ECB_01482","yneI"
"ECB_01483","yneJ"
"ECB_01484","yneK"
"ECB_01485","sotB"
"ECB_01486","marC"
"ECB_01487","ECB_01487"
"ECB_01488","ECB_01488"
"ECB_01489","marR"
"ECB_01490","marA"
"ECB_01491","marB"
"ECB_01492","eamA"
"ECB_01493","ydeE"
"RF01407.1","STnc560"
"ECB_01494","ydeH"
"ECB_01495","ydeI"
"ECB_01496","ydeJ"
"ECB_01497","dcp"
"ECB_01498","ydfG"
"ECB_01499","ydfH"
"ECB_01500","ydfZ"
"ECB_01501","ydfI"
"ECB_01502","ydfJ"
"ECB_01503","ydfK"
"ECB_01504","pinQ"
"ECB_01505","ECB_01505"
"ECB_01506","ECB_01506"
"ECB_01507","ECB_01507"
"ECB_01508","stfR"
"ECB_01509","lomR"
"ECB_01510","ECB_01510"
"ECB_01511","insE-3"
"ECB_01512","insF-3"
"ECB_01513","ybcW"
"ECB_01514","gnsB"
"ECB_01515","ynfN"
"ECB_01516","ECB_01516"
"ECB_01517","cspI"
"ECB_01518","ydfP"
"ECB_01519","ydfQ"
"ECB_01520","ydfR"
"ECB_01521","essQ"
"ECB_01522","ECB_01522"
"ECB_01523","ECB_01523"
"ECB_01524","insE-4"
"ECB_01525","insF-4"
"ECB_01526","ECB_01526"
"ECB_01527","ECB_01527"
"ECB_01528","ECB_01528"
"ECB_01529","ydfU"
"ECB_01530","ECB_01530"
"ECB_01531","rem"
"ECB_01532","hokD"
"RF01794.3","sokD"
"ECB_01533","ECB_01533"
"ECB_01534","ECB_01534"
"ECB_01535","ECB_01535"
"ECB_01536","ECB_01536"
"ECB_01537","ydfX"
"ECB_01538","dicC"
"ECB_01539","ECB_01539"
"ECB_01540","ECB_01540"
"ECB_01541","ECB_01541"
"ECB_01542","ECB_01542"
"RF00039.2","dicF"
"ECB_01543","dicB"
"ECB_01544","ydfD"
"ECB_01545","ydfE"
"ECB_01546","ECB_01546"
"ECB_01547","intQ"
"ECB_01548","ynfP"
"ECB_01549","rspB"
"ECB_01550","rspA"
"ECB_01551","ynfA"
"ECB_01552","ynfB"
"ECB_01553","speG"
"ECB_01554","ynfC"
"ECB_01555","ynfD"
"ECB_01556","ynfE"
"ECB_01557","ynfF"
"ECB_01558","ynfG"
"ECB_01559","ynfH"
"ECB_01560","ynfI"
"ECB_01561","ynfJ"
"ECB_01562","bioD"
"ECB_01563","mlc"
"ECB_01564","ynfL"
"ECB_01565","ynfM"
"ECB_01566","asr"
"ECB_01567","ydgD"
"ECB_01568","ydgE"
"ECB_01569","ydgF"
"ECB_01570","ydgG"
"ECB_01571","pntB"
"ECB_01572","pntA"
"ECB_01573","ydgH"
"ECB_01574","ydgI"
"ECB_01575","ydgB"
"ECB_01576","ydgC"
"ECB_01577","rstA"
"ECB_01578","rstB"
"ECB_01579","tus"
"ECB_01580","fumC"
"ECB_01581","fumA"
"ECB_01582","manA"
"ECB_01583","ydgA"
"ECB_01584","uidC"
"ECB_01585","uidB"
"ECB_01586","uidA"
"ECB_01587","uidR"
"ECB_01588","hdhA"
"ECB_01589","malI"
"ECB_01590","malX"
"ECB_01591","malY"
"ECB_01592","add"
"ECB_01593","ydgJ"
"ECB_01594","blr"
"ECB_01595","ydgT"
"ECB_01596","ydgK"
"ECB_01597","rnfA"
"ECB_01598","rnfB"
"ECB_01599","rnfC"
"ECB_01600","rnfD"
"ECB_01601","rnfG"
"ECB_01602","rnfE"
"ECB_01603","nth"
"ECB_01604","ydgR"
"ECB_01605","gst"
"ECB_01606","pdxY"
"ECB_01607","tyrS"
"ECB_01608","pdxH"
"ECB_01609","ydhA"
"ECB_01610","ydhH"
"ECB_01611","slyB"
"ECB_01612","slyA"
"ECB_01613","ydhI"
"ECB_01614","ydhJ"
"ECB_01615","ydhK"
"ECB_01616","sodC"
"ECB_01617","ydhF"
"ECB_01618","ydhL"
"ECB_01619","ydhM"
"ECB_01620","nemA"
"ECB_01621","gloA"
"ECB_01622","rnt"
"ECB_01623","lhr"
"ECB_01624","ydhD"
"ECB_01625","ydhO"
"ECB_01626","sodB"
"ECB_01627","ydhP"
"RF02081.1","STnc550"
"ECB_01628","ECB_01628"
"ECB_01629","purR"
"ECB_01630","ydhB"
"ECB_01631","ydhC"
"ECB_01632","cfa"
"ECB_01633","ribC"
"ECB_01634","norM"
"ECB_01635","ydhQ"
"ECB_t00027","valV"
"ECB_t00028","valW"
"RF02194.1","HPnc0260"
"ECB_01636","ydhR"
"ECB_01637","ydhS"
"ECB_01638","ydhT"
"ECB_01639","ydhU"
"ECB_01640","ydhX"
"ECB_01641","ydhW"
"ECB_01642","ydhV"
"ECB_01643","ydhY"
"ECB_01644","ydhZ"
"ECB_01645","pykF"
"ECB_01646","lpp"
"ECB_01647","ynhG"
"ECB_01648","sufE"
"ECB_01649","sufS"
"ECB_01650","sufD"
"ECB_01651","sufC"
"ECB_01652","sufB"
"ECB_01653","sufA"
"RF00118.1","rydB"
"ECB_01654","ydiH"
"ECB_01655","ydiI"
"ECB_01656","ydiJ"
"ECB_01657","ydiK"
"RF00034.1","rprA"
"ECB_01658","ydiL"
"ECB_01659","ydiM"
"ECB_01660","ydiN"
"ECB_01661","ydiB"
"ECB_01662","aroD"
"ECB_01663","ydiF"
"ECB_01664","ydiO"
"ECB_01665","ydiP"
"ECB_01666","ydiQ"
"ECB_01667","ydiR"
"ECB_01668","ydiS"
"ECB_01669","ydiT"
"ECB_01670","ydiD"
"ECB_01671","ppsA"
"ECB_01672","ydiA"
"ECB_01673","aroH"
"ECB_01674","ydiE"
"ECB_01675","ydiU"
"ECB_01676","ydiV"
"ECB_01677","nlpC"
"ECB_01678","btuD"
"ECB_01679","btuE"
"ECB_01680","btuC"
"RF02082.1","STnc540"
"ECB_01681","himA"
"ECB_01682","pheT"
"ECB_01683","pheS"
"ECB_01684","pheM"
"ECB_01685","rplT"
"ECB_01686","rpmI"
"ECB_01687","infC"
"ECB_01688","thrS"
"ECB_01689","arpB"
"ECB_01690","ECB_01690"
"ECB_01691","ydiY"
"ECB_01692","pfkB"
"ECB_01693","ydiZ"
"ECB_01694","yniA"
"ECB_01695","yniB"
"ECB_01696","yniC"
"ECB_01697","ydjM"
"ECB_01698","ydjN"
"ECB_01699","ydjO"
"ECB_01700","cedA"
"ECB_01701","katE"
"ECB_01702","ydjC"
"ECB_01703","celF"
"ECB_01704","celD"
"ECB_01705","celC"
"ECB_01706","celB"
"ECB_01707","celA"
"ECB_01708","osmE"
"ECB_01709","nadE"
"ECB_01710","ydjQ"
"ECB_01711","ydjR"
"ECB_01712","spy"
"ECB_01713","astE"
"ECB_01714","astB"
"ECB_01715","astD"
"ECB_01716","astA"
"ECB_01717","astC"
"ECB_01718","xthA"
"ECB_01719","ydjX"
"ECB_01720","ydjY"
"ECB_01721","ydjZ"
"ECB_01722","ynjA"
"ECB_01723","ynjB"
"ECB_01724","ynjC"
"ECB_01725","ynjD"
"ECB_01726","ynjE"
"ECB_01727","ynjF"
"ECB_01728","nudG"
"ECB_01729","ynjH"
"ECB_01730","gdhA"
"ECB_01731","ynjI"
"ECB_01732","topB"
"ECB_01733","selD"
"ECB_01734","ydjA"
"ECB_01735","sppA"
"ECB_01736","ansA"
"ECB_01737","pncA"
"ECB_01738","ydjE"
"ECB_01739","ydjF"
"ECB_01740","ydjG"
"ECB_01741","ydjH"
"ECB_01742","ydjI"
"ECB_01743","ydjJ"
"ECB_01744","ydjK"
"ECB_01745","ydjL"
"ECB_01746","yeaC"
"ECB_01747","yeaA"
"ECB_01748","gapA"
"ECB_01749","yeaD"
"ECB_01750","yeaE"
"ECB_01751","mipA"
"ECB_01752","yeaG"
"ECB_01753","yeaH"
"ECB_01754","yeaI"
"ECB_01755","yeaJ"
"ECB_01756","yeaK"
"ECB_01757","ECB_01757"
"ECB_01758","yeaL"
"ECB_01759","yeaM"
"ECB_01760","yeaN"
"ECB_01761","yeaO"
"ECB_01762","yoaF"
"ECB_01763","yeaP"
"ECB_01764","yeaQ"
"ECB_01765","yoaG"
"ECB_01766","yeaR"
"ECB_01767","insL-4"
"ECB_01768","yeaS"
"ECB_01769","yeaT"
"ECB_01770","yeaU"
"ECB_01771","yeaV"
"ECB_01772","yeaW"
"ECB_01773","yeaX"
"ECB_01774","rnd"
"RF00370.1","sroD"
"ECB_01775","fadD"
"ECB_01776","yeaY"
"ECB_01777","yeaZ"
"ECB_01778","yoaA"
"ECB_01779","yoaB"
"ECB_01780","yoaC"
"ECB_01781","yoaH"
"ECB_01782","pabB"
"ECB_01783","yeaB"
"ECB_01784","sdaA"
"ECB_01785","yoaD"
"ECB_01786","yoaE"
"ECB_01787","manX"
"ECB_01788","manY"
"ECB_01789","manZ"
"ECB_01790","yobD"
"ECB_01791","yebN"
"ECB_01792","rrmA"
"ECB_01793","cspC"
"ECB_01794","yobF"
"ECB_01795","yebO"
"ECB_01796","yobG"
"ECB_01797","ECB_01797"
"ECB_01798","kdgR"
"ECB_01799","yebQ"
"ECB_01800","htpX"
"ECB_01801","prc"
"ECB_01802","proQ"
"ECB_01803","yebR"
"ECB_01804","yebS"
"ECB_01805","yebT"
"ECB_01806","yebU"
"ECB_01807","yebV"
"ECB_01808","yebW"
"ECB_01809","pphA"
"RF00101.1","ryeA"
"RF00111.1","ryeB"
"ECB_01810","yebY"
"ECB_01811","yebZ"
"ECB_01812","yobA"
"ECB_01813","holE"
"ECB_01814","yobB"
"ECB_01815","exoX"
"ECB_01816","ptrB"
"ECB_01817","yebE"
"ECB_01818","yebF"
"ECB_01819","yebG"
"ECB_01820","purT"
"ECB_01821","eda"
"ECB_01822","edd"
"ECB_01823","zwf"
"ECB_01824","yebK"
"ECB_01825","pykA"
"ECB_01826","msbB"
"ECB_01827","yebA"
"ECB_01828","znuA"
"ECB_01829","znuC"
"ECB_01830","znuB"
"ECB_01831","ruvB"
"ECB_01832","ruvA"
"ECB_01833","yebB"
"ECB_01834","ruvC"
"ECB_01835","yebC"
"ECB_01836","ntpA"
"ECB_01837","aspS"
"ECB_01838","yecD"
"ECB_01839","yecE"
"ECB_01840","yecN"
"ECB_01841","yecO"
"ECB_01842","yecP"
"ECB_01843","torZ"
"ECB_01844","torY"
"ECB_01845","cutC"
"ECB_01846","yecM"
"ECB_01847","argS"
"ECB_01848","yecT"
"ECB_01849","flhE"
"ECB_01850","flhA"
"ECB_01851","flhB"
"ECB_01852","cheZ"
"ECB_01853","cheY"
"ECB_01854","cheB"
"ECB_01855","cheR"
"ECB_01856","tap"
"ECB_01857","tar"
"RF00116.1","C0465"
"ECB_01858","cheW"
"ECB_01859","cheA"
"ECB_01860","motB"
"ECB_01861","motA"
"ECB_01862","flhC"
"ECB_01863","flhD"
"ECB_01864","yecG"
"ECB_01865","otsA"
"ECB_01866","otsB"
"ECB_01867","araH"
"ECB_01868","araG"
"ECB_01869","araF"
"ECB_01870","yecI"
"ECB_01871","yecJ"
"ECB_01872","yecR"
"ECB_01873","ftn"
"ECB_01874","yecH"
"ECB_01875","tyrP"
"ECB_01876","yecA"
"ECB_t00029","leuZ"
"ECB_t00030","cysT"
"ECB_t00031","glyW"
"ECB_01877","pgsA"
"ECB_01878","uvrC"
"ECB_01879","uvrY"
"ECB_01880","insA-13"
"ECB_01881","insB-13"
"ECB_01882","yedU"
"ECB_01883","yedV"
"ECB_01884","yedW"
"ECB_01885","yedX"
"ECB_01886","yedY"
"ECB_01887","yedZ"
"ECB_01888","yodA"
"ECB_01889","yodB"
"ECB_t00032","serU"
"ECB_01890","yeeI"
"ECB_t00033","asnT"
"ECB_01891","yeeJ"
"ECB_01892","yeeL"
"ECB_01893","shiA"
"ECB_01894","amn"
"ECB_01895","yeeN"
"ECB_t00034","asnW"
"ECB_01896","yeeO"
"ECB_t00035","asnU"
"ECB_01897","cbl"
"ECB_01898","nac"
"ECB_t00036","asnV"
"ECB_01899","erfK"
"ECB_01900","cobT"
"ECB_01901","cobS"
"ECB_01902","cobU"
"ECB_01903","yoeA"
"ECB_01904","insD"
"ECB_01905","insC"
"ECB_01906","ECB_01906"
"ECB_01907","ECB_01907"
"ECB_01908","ECB_01908"
"ECB_01909","yoeD"
"ECB_01910","yeeX"
"ECB_01911","yeeA"
"ECB_01912","sbmC"
"ECB_01913","dacD"
"ECB_01914","sbcB"
"ECB_01915","yeeD"
"ECB_01916","yeeE"
"ECB_01917","yeeF"
"RF02074.1","C0465"
"ECB_01918","yeeY"
"ECB_01919","yeeZ"
"ECB_01920","hisL"
"ECB_01921","hisG"
"ECB_01922","hisD"
"ECB_01923","hisC"
"ECB_01924","hisB"
"ECB_01925","hisH"
"ECB_01926","hisA"
"ECB_01927","hisF"
"ECB_01928","hisI"
"ECB_01929","wzzB"
"ECB_01930","ugd"
"ECB_01931","gnd"
"ECB_01932","manB"
"ECB_01933","manC"
"ECB_01934","insB-14"
"ECB_01935","insA-14"
"ECB_01936","wbbD"
"ECB_01937","wbbC"
"ECB_01938","wzy"
"ECB_01939","wbbB"
"ECB_01940","wbbA"
"ECB_01941","vioB"
"ECB_01942","vioA"
"ECB_01943","wzx"
"ECB_01944","rmlC"
"ECB_01945","rfbA"
"ECB_01946","rfbD"
"ECB_01947","rfbB"
"ECB_01948","galF"
"ECB_01949","wcaM"
"ECB_01950","wcaL"
"ECB_01951","wcaK"
"ECB_01952","wzxC"
"ECB_01953","wcaJ"
"ECB_01954","cpsG"
"ECB_01955","cpsB"
"ECB_01956","wcaI"
"ECB_01957","wcaH"
"ECB_01958","wcaG"
"ECB_01959","gmd"
"ECB_01960","wcaF"
"ECB_01961","wcaE"
"ECB_01962","wcaD"
"ECB_01963","wcaC"
"ECB_01964","wcaB"
"ECB_01965","wcaA"
"ECB_01966","wzc"
"ECB_01967","wzb"
"ECB_01968","wza"
"ECB_01969","yegH"
"ECB_01970","asmA"
"ECB_01971","dcd"
"ECB_01972","udk"
"ECB_01973","yegE"
"ECB_01974","alkA"
"ECB_01975","yegD"
"ECB_01976","yegI"
"ECB_01977","yegK"
"ECB_01978","yegL"
"RF00113.1","sib"
"RF00113.2","sib"
"RF00113.3","sib"
"RF00113.4","sib"
"ECB_01979","yegM"
"ECB_01980","yegN"
"ECB_01981","yegO"
"ECB_01982","yegB"
"ECB_01983","baeS"
"ECB_01984","baeR"
"ECB_01985","yegP"
"ECB_01986","yegQ"
"RF00112.1","cyaR"
"ECB_01987","ogrK"
"ECB_01988","yegZ"
"ECB_01989","ECB_01989"
"ECB_01990","ECB_01990"
"ECB_01991","ECB_01991"
"ECB_01992","ECB_01992"
"ECB_01993","ECB_01993"
"ECB_01994","ECB_01994"
"ECB_01995","ECB_01995"
"ECB_01996","ECB_01996"
"ECB_01997","ECB_01997"
"ECB_01998","ECB_01998"
"ECB_01999","ECB_01999"
"ECB_02000","ECB_02000"
"ECB_02001","ECB_02001"
"ECB_02002","ECB_02002"
"ECB_02003","ECB_02003"
"ECB_02004","ECB_02004"
"ECB_02005","ECB_02005"
"ECB_02006","ECB_02006"
"ECB_02007","ECB_02007"
"ECB_02008","ECB_02008"
"ECB_02009","ECB_02009"
"ECB_02010","ECB_02010"
"ECB_02011","ECB_02011"
"ECB_02012","ECB_02012"
"ECB_02013","ECB_02013"
"ECB_02014","yegR"
"ECB_02015","yegS"
"ECB_02016","gatR"
"ECB_02017","gatD"
"ECB_02018","gatC"
"ECB_02019","gatB"
"ECB_02020","gatA"
"ECB_02021","gatZ"
"ECB_02022","insA-15"
"ECB_02023","insB-15"
"ECB_02021","gatZ"
"ECB_02024","gatY"
"ECB_02025","fbaB"
"ECB_02026","yegT"
"ECB_02027","yegU"
"ECB_02028","yegV"
"ECB_02029","yegW"
"ECB_02030","yegX"
"ECB_02031","thiD"
"ECB_02032","thiM"
"ECB_02033","ECB_02033"
"ECB_02034","ECB_02034"
"ECB_02035","ECB_02035"
"ECB_02036","ECB_02036"
"ECB_02037","ECB_02037"
"ECB_02038","ECB_02038"
"ECB_02039","ECB_02039"
"ECB_02040","insB-16"
"ECB_02041","insA-16"
"ECB_02042","yehE"
"ECB_02043","mrp"
"ECB_02044","metG"
"ECB_02045","molR"
"ECB_02046","yehI"
"ECB_02047","yehK"
"RF02083.1","orzO-P"
"ECB_02048","yehL"
"ECB_02049","yehM"
"ECB_02050","yehP"
"ECB_02051","yehQ"
"ECB_02052","yehR"
"ECB_02053","yehS"
"ECB_02054","yehT"
"ECB_02055","yehU"
"ECB_02056","yehV"
"ECB_02057","ECB_02057"
"ECB_02058","yehW"
"ECB_02059","yehX"
"ECB_02060","yehY"
"ECB_02061","yehZ"
"ECB_02062","bglX"
"ECB_02063","dld"
"ECB_02064","pbpG"
"ECB_02065","yohC"
"ECB_02066","yohD"
"ECB_02067","yohF"
"ECB_02068","yohGH"
"ECB_02069","yohI"
"ECB_02070","yohJ"
"ECB_02071","yohK"
"ECB_02072","cdd"
"ECB_02073","sanA"
"ECB_02074","yeiS"
"ECB_02075","yeiT"
"ECB_02076","yeiA"
"ECB_02077","mglC"
"ECB_02078","mglA"
"ECB_02079","mglB"
"ECB_02080","galS"
"ECB_02081","yeiB"
"ECB_02082","folE"
"ECB_02083","yeiG"
"ECB_02084","cirA"
"ECB_02085","lysP"
"ECB_02086","yeiE"
"ECB_02087","yeiH"
"ECB_02088","nfo"
"ECB_02089","yeiI"
"ECB_02090","yeiJ"
"ECB_02091","rihB"
"ECB_02092","yeiL"
"ECB_02093","yeiM"
"ECB_02094","yeiN"
"ECB_02095","yeiC"
"ECB_02096","fruA"
"ECB_02097","fruK"
"ECB_02098","fruB"
"ECB_02099","setB"
"ECB_02100","yeiW"
"ECB_02101","yeiP"
"ECB_02102","yeiQ"
"ECB_02103","yeiR"
"ECB_02104","yeiU"
"ECB_02105","spr"
"ECB_02106","rtn"
"ECB_02107","yejA"
"ECB_02108","yejB"
"ECB_02109","yejE"
"ECB_02110","yejF"
"ECB_02111","yejG"
"ECB_02112","bcr"
"ECB_02113","rsuA"
"ECB_02114","yejH"
"ECB_02115","rplY"
"ECB_02116","yejK"
"ECB_02117","yejL"
"ECB_02118","yejM"
"ECB_t00037","proL"
"ECB_02119","yejO"
"ECB_02120","narP"
"ECB_02121","ccmH"
"ECB_02122","ccmG"
"ECB_02123","ccmF"
"ECB_02124","ccmE"
"ECB_02125","ccmD"
"ECB_02126","ccmC"
"ECB_02127","ccmB"
"ECB_02128","ccmA"
"ECB_02129","napC"
"ECB_02130","napB"
"ECB_02131","napH"
"ECB_02132","napG"
"ECB_02133","napA"
"ECB_02134","napD"
"ECB_02135","napF"
"ECB_02136","eco"
"ECB_02137","mqo"
"ECB_02138","yojI"
"ECB_02139","alkB"
"ECB_02140","ada"
"ECB_02141","yojL"
"ECB_02142","ompC"
"ECB_02143","insB-17"
"ECB_02144","insA-17"
"ECB_02145","rcsC"
"ECB_02146","atoS"
"ECB_02147","atoC"
"ECB_02148","atoD"
"ECB_02149","atoA"
"ECB_02150","atoE"
"ECB_02151","atoB"
"ECB_02152","yfaP"
"ECB_02153","yfaQ"
"ECB_02154","yfaS"
"ECB_02155","yfaT"
"ECB_02156","yfaA"
"ECB_02157","gyrA"
"ECB_02158","ubiG"
"ECB_02159","yfaL"
"ECB_02160","nrdA"
"ECB_02161","nrdB"
"ECB_02162","yfaE"
"ECB_02163","inaA"
"ECB_02164","yfaH"
"ECB_02165","glpQ"
"ECB_02166","glpT"
"ECB_02167","glpA"
"ECB_02168","glpB"
"ECB_02169","glpC"
"ECB_02170","yfaD"
"ECB_02171","yfaU"
"ECB_02172","yfaV"
"ECB_02173","yfaW"
"ECB_02174","yfaX"
"ECB_02175","yfaY"
"ECB_02176","yfaZ"
"ECB_02177","yfaO"
"ECB_02178","ais"
"ECB_02179","yfbE"
"ECB_02180","yfbF"
"ECB_02181","yfbG"
"ECB_02182","yfbH"
"ECB_02183","arnT"
"ECB_02184","yfbW"
"ECB_02185","yfbJ"
"ECB_02186","pmrD"
"ECB_02187","menE"
"ECB_02188","menC"
"ECB_02189","menB"
"ECB_02190","yfbB"
"ECB_02191","menD"
"ECB_02192","menF"
"ECB_02193","elaB"
"ECB_02194","elaA"
"ECB_02195","elaC"
"ECB_02196","elaD"
"ECB_02197","yfbL"
"ECB_02198","yfbM"
"ECB_02199","ECB_02199"
"ECB_02200","ECB_02200"
"ECB_02201","nuoN"
"ECB_02202","nuoM"
"ECB_02203","nuoL"
"ECB_02204","nuoK"
"ECB_02205","nuoJ"
"ECB_02206","nuoI"
"ECB_02207","nuoH"
"ECB_02208","nuoG"
"ECB_02209","nuoF"
"ECB_02210","nuoE"
"ECB_02211","nuoC"
"ECB_02212","nuoB"
"ECB_02213","nuoA"
"ECB_02214","lrhA"
"ECB_02215","yfbQ"
"ECB_02216","yfbR"
"ECB_02217","yfbS"
"ECB_02218","yfbT"
"ECB_02219","yfbU"
"ECB_02220","yfbV"
"ECB_02221","ackA"
"ECB_02222","pta"
"ECB_02223","yfcC"
"ECB_02224","yfcD"
"ECB_02225","yfcE"
"ECB_02226","yfcF"
"ECB_02227","yfcG"
"ECB_02228","folX"
"ECB_02229","yfcH"
"ECB_02230","yfcI"
"ECB_02231","hisP"
"ECB_02232","hisM"
"ECB_02233","hisQ"
"ECB_02234","hisJ"
"ECB_02235","argT"
"ECB_02236","ubiX"
"ECB_02237","purF"
"ECB_02238","cvpA"
"ECB_02239","dedD"
"ECB_02240","folC"
"ECB_02241","accD"
"ECB_02242","dedA"
"ECB_02243","truA"
"ECB_02244","usg"
"ECB_02245","pdxB"
"ECB_02246","flk"
"ECB_02247","yfcJ"
"ECB_02248","fabB"
"ECB_02249","yfcK"
"ECB_02250","yfcL"
"ECB_02251","yfcM"
"ECB_02252","yfcA"
"ECB_02253","mepA"
"ECB_02254","aroC"
"ECB_02255","yfcB"
"ECB_02256","yfcN"
"ECB_02257","yfcO"
"ECB_02258","yfcP"
"ECB_02259","yfcQ"
"ECB_02260","yfcR"
"ECB_02261","yfcS"
"ECB_02262","yfcTU"
"ECB_02263","yfcV"
"ECB_02264","sixA"
"ECB_02265","yfcX"
"ECB_02266","yfcY"
"ECB_02267","yfcZ"
"ECB_02268","fadL"
"ECB_02269","yfdF"
"ECB_02270","insB-18"
"ECB_02271","insA-18"
"ECB_02269","yfdF"
"ECB_02272","vacJ"
"ECB_02273","yfdC"
"ECB_t00038","argW"
"ECB_02274","dsdC"
"ECB_02275","dsdX"
"ECB_02276","dsdA"
"ECB_02277","emrY"
"ECB_02278","emrK"
"ECB_02279","evgA"
"ECB_02280","evgS"
"ECB_02281","yfdE"
"ECB_02282","yfdV"
"ECB_02283","yfdU"
"ECB_02284","yfdW"
"ECB_02285","yfdX"
"ECB_02286","ypdI"
"ECB_02287","yfdY"
"ECB_02288","ddg"
"ECB_02289","yfdZ"
"ECB_02290","ypdA"
"ECB_02291","ypdB"
"ECB_02292","ypdC"
"ECB_02293","ypdD"
"ECB_02294","ypdE"
"ECB_02295","ypdF"
"ECB_02296","ypdG"
"ECB_02297","ypdH"
"ECB_02298","glk"
"ECB_02299","yfeO"
"ECB_02300","ypeC"
"ECB_02301","mntH"
"ECB_02302","nupC"
"ECB_02303","yfeA"
"ECB_t00039","alaX"
"ECB_t00040","alaW"
"ECB_02304","yfeC"
"ECB_02305","yfeD"
"ECB_02306","gltX"
"ECB_t00041","valU"
"ECB_t00042","valX"
"ECB_t00043","valY"
"ECB_t00044","lysV"
"ECB_02307","ECB_02307"
"ECB_02308","yfeR"
"ECB_02309","yfeH"
"ECB_02310","ypeB"
"ECB_02311","ligA"
"ECB_02312","zipA"
"ECB_02313","cysZ"
"ECB_02314","cysK"
"ECB_02315","ptsH"
"ECB_02316","ptsI"
"ECB_02317","crr"
"ECB_02318","pdxK"
"ECB_02319","yfeK"
"ECB_02320","yfeS"
"ECB_02321","cysM"
"ECB_02322","cysA"
"ECB_02323","cysW"
"ECB_02324","cysU"
"ECB_02325","cysP"
"ECB_02326","ucpA"
"ECB_02327","yfeT"
"ECB_02328","yfeU"
"ECB_02329","yfeV"
"ECB_02330","yfeW"
"ECB_02331","yfeX"
"ECB_02332","yfeY"
"ECB_02333","yfeZ"
"ECB_02334","ypeA"
"ECB_02335","amiA"
"ECB_02336","hemF"
"ECB_02337","yfeG"
"ECB_02338","yffI"
"ECB_02339","eutL"
"ECB_02340","eutC"
"ECB_02341","eutB"
"ECB_02342","eutA"
"ECB_02343","eutH"
"ECB_02344","eutG"
"ECB_02345","eutJ"
"ECB_02346","eutE"
"ECB_02347","cchB"
"ECB_02348","cchA"
"ECB_02349","eutI"
"ECB_02350","eutT"
"ECB_02351","eutQ"
"ECB_02352","eutP"
"ECB_02353","ypfE"
"ECB_02354","maeB"
"ECB_02355","talA"
"ECB_02356","tktB"
"ECB_02357","ypfG"
"ECB_02358","yffH"
"ECB_02359","aegA"
"ECB_02360","narQ"
"ECB_02361","acrD"
"ECB_02362","yffB"
"ECB_02363","dapE"
"ECB_02364","ECB_02364"
"ECB_02365","ypfH"
"ECB_02366","ypfI"
"ECB_02367","ypfJ"
"ECB_02368","purC"
"ECB_02369","nlpB"
"ECB_02370","dapA"
"ECB_02371","gcvR"
"ECB_02372","bcp"
"ECB_02373","hyfA"
"ECB_02374","hyfB"
"ECB_02375","hyfC"
"ECB_02376","hyfD"
"ECB_02377","hyfE"
"ECB_02378","hyfF"
"ECB_02379","hyfG"
"ECB_02380","hyfH"
"ECB_02381","hyfI"
"ECB_02382","hyfJ"
"ECB_02383","hyfR"
"ECB_02384","focB"
"ECB_02385","perM"
"ECB_02386","yfgC"
"ECB_02387","yfgD"
"ECB_02388","hda"
"ECB_02389","uraA"
"ECB_02390","upp"
"ECB_02391","purM"
"ECB_02392","purN"
"ECB_02393","ppk"
"ECB_02394","ppx"
"ECB_02395","yfgF"
"ECB_02396","yfgG"
"ECB_02397","yfgH"
"ECB_02398","yfgI"
"ECB_02399","guaA"
"ECB_02400","guaB"
"ECB_02401","xseA"
"ECB_02402","yfgJ"
"ECB_02403","yfgK"
"ECB_02404","yfgL"
"ECB_02405","yfgM"
"ECB_02406","hisS"
"RF00371.1","sroE"
"ECB_02407","ispG"
"ECB_02408","yfgA"
"ECB_02409","yfgB"
"ECB_02410","ndk"
"ECB_02411","pbpC"
"ECB_02412","yfhM"
"ECB_02413","sseA"
"RF00125.1","IS128"
"RF00126.1","ryfA"
"ECB_02414","sseB"
"ECB_02415","pepB"
"ECB_02416","yfhJ"
"ECB_02417","fdx"
"ECB_02418","hscA"
"ECB_02419","hscB"
"ECB_02420","iscA"
"ECB_02421","iscU"
"ECB_02422","iscS"
"ECB_02423","iscR"
"ECB_02424","yfhQ"
"ECB_02425","suhB"
"ECB_02426","yfhR"
"ECB_02427","csiE"
"ECB_02428","hcaT"
"ECB_02429","hcaR"
"ECB_02430","hcaE"
"ECB_02431","hcaF"
"ECB_02432","hcaC"
"ECB_02433","hcaB"
"ECB_02434","hcaD"
"ECB_02435","yphA"
"ECB_02436","yphB"
"ECB_02437","yphC"
"ECB_02438","yphD"
"ECB_02439","yphE"
"ECB_02440","yphF"
"ECB_02441","yphG"
"ECB_02442","yphH"
"ECB_02443","glyA"
"ECB_02444","hmpA"
"ECB_02445","glnB"
"ECB_02446","yfhA"
"ECB_02447","yfhG"
"ECB_02448","yfhK"
"RF00083.1","glmZ"
"RF00128.1","glmY"
"ECB_02449","purL"
"ECB_02450","yfhD"
"ECB_02451","insA-19"
"ECB_02452","insB-19"
"ECB_02450","yfhD"
"ECB_02453","tadA"
"ECB_02454","yfhB"
"ECB_02455","yfhH"
"ECB_02456","yfhL"
"ECB_02457","acpS"
"ECB_02458","pdxJ"
"ECB_02459","recO"
"ECB_02460","era"
"ECB_02461","rncS"
"ECB_02462","lepB"
"ECB_02463","lepA"
"ECB_02464","rseC"
"ECB_02465","rseB"
"ECB_02466","rseA"
"ECB_02467","rpoE"
"ECB_02468","nadB"
"ECB_02469","yfiC"
"ECB_02470","srmB"
"ECB_02471","yfiE"
"ECB_02472","yfiK"
"ECB_02473","yfiD"
"ECB_02474","ung"
"ECB_02475","yfiF"
"ECB_02476","trxC"
"ECB_02477","yfiP"
"ECB_02478","yfiQ"
"ECB_02479","pssA"
"ECB_02480","yfiM"
"ECB_02481","kgtP"
"ECB_r00004","rrfG"
"ECB_r00005","rrlG"
"RF01830.2","StyR-44"
"ECB_t00045","gltW"
"ECB_r00006","rrsG"
"ECB_02482","clpB"
"ECB_02483","yfiH"
"ECB_02484","rluD"
"ECB_02485","yfiO"
"ECB_02486","yfiA"
"ECB_02487","pheL"
"ECB_02488","pheA"
"ECB_02489","tyrA"
"ECB_02490","aroF"
"ECB_02491","yfiL"
"ECB_02492","yfiR"
"ECB_02493","yfiN"
"ECB_02494","yfiB"
"ECB_02495","rplS"
"ECB_02496","trmD"
"ECB_02497","rimM"
"ECB_02498","rpsP"
"ECB_02499","ffh"
"ECB_02500","ypjD"
"ECB_02501","yfjD"
"ECB_02502","grpE"
"ECB_02503","ppnK"
"ECB_02504","recN"
"ECB_02505","smpA"
"ECB_02506","yfjF"
"ECB_02507","yfjG"
"ECB_02508","smpB"
"RF00023.1","tmRNA"
"ECB_02509","ECB_02509"
"ECB_02510","ECB_02510"
"ECB_02511","ECB_02511"
"ECB_02512","ECB_02512"
"ECB_02513","insA-20"
"ECB_02514","insB-20"
"ECB_02515","csiD"
"ECB_02516","ygaF"
"ECB_02517","gabD"
"ECB_02518","gabT"
"ECB_02519","gabP"
"ECB_02520","ygaE"
"ECB_02521","ygaU"
"ECB_02522","yqaE"
"ECB_02523","ygaV"
"ECB_02524","ygaP"
"ECB_02525","stpA"
"ECB_02526","ygaW"
"ECB_02527","ygaC"
"ECB_02528","ygaM"
"ECB_02529","nrdH"
"ECB_02530","nrdI"
"ECB_02531","nrdE"
"ECB_02532","nrdF"
"ECB_02533","proV"
"ECB_02534","proW"
"ECB_02535","proX"
"ECB_02536","ygaX"
"ECB_02537","ygaZ"
"ECB_02538","ygaH"
"ECB_02539","emrR"
"ECB_02540","emrA"
"ECB_02541","emrB"
"ECB_02542","ygaG"
"RF00078.1","micA"
"ECB_02543","gshA"
"ECB_02544","yqaA"
"ECB_02545","yqaB"
"ECB_t00046","argQ"
"ECB_t00047","argZ"
"ECB_t00048","argY"
"ECB_t00049","argV"
"ECB_t00050","serV"
"ECB_02546","csrA"
"ECB_02547","alaS"
"ECB_02548","recX"
"ECB_02549","recA"
"ECB_02550","ygaD"
"ECB_02551","mltB"
"ECB_02552","srlA"
"ECB_02553","srlE"
"ECB_02554","srlB"
"ECB_02555","srlD"
"ECB_02556","gutM"
"ECB_02557","srlR"
"ECB_02558","gutQ"
"ECB_02559","ygaA"
"ECB_02560","norV"
"ECB_02561","ygbD"
"ECB_02562","hypF"
"ECB_02563","hydN"
"ECB_02564","ascG"
"ECB_02565","ascF"
"ECB_02566","ascB"
"ECB_02567","hycI"
"ECB_02568","hycH"
"ECB_02569","hycG"
"ECB_02570","hycF"
"ECB_02571","hycE"
"ECB_02572","hycD"
"ECB_02573","hycC"
"ECB_02574","hycB"
"ECB_02575","hycA"
"ECB_02576","hypA"
"ECB_02577","hypB"
"ECB_02578","hypC"
"ECB_02579","hypD"
"ECB_02580","hypE"
"ECB_02581","fhlA"
"ECB_02582","ygbA"
"ECB_02583","mutS"
"ECB_02584","pphB"
"ECB_02585","ygbI"
"ECB_02586","ygbJ"
"ECB_02587","ygbK"
"ECB_02588","ygbL"
"ECB_02589","ygbM"
"ECB_02590","ygbN"
"ECB_02591","rpoS"
"ECB_02592","nlpD"
"ECB_02593","pcm"
"ECB_02594","surE"
"ECB_02595","ygbO"
"ECB_02596","ispF"
"ECB_02597","ispD"
"ECB_02598","ftsB"
"ECB_02599","ygbE"
"ECB_02600","cysC"
"ECB_02601","cysN"
"ECB_02602","cysD"
"ECB_02603","iap"
"ECB_02604","insL-5"
"ECB_02605","insK-3"
"ECB_02606","insJ-3"
"RF01794.4","sok"
"ECB_02607","cysH"
"ECB_02608","cysI"
"ECB_02609","cysJ"
"ECB_02610","ygcM"
"ECB_02611","ygcN"
"ECB_02612","ygcO"
"ECB_02613","ygcP"
"ECB_02614","ygcQ"
"ECB_02615","ygcR"
"ECB_02616","ygcS"
"ECB_02617","ygcU"
"ECB_02618","ygcW"
"ECB_02619","yqcE"
"ECB_02620","ygcE"
"ECB_02621","ECB_02621"
"ECB_02622","ygcF"
"ECB_02623","ygcG"
"ECB_02624","eno"
"ECB_02625","pyrG"
"ECB_02626","mazG"
"ECB_02627","chpA"
"ECB_02628","chpR"
"ECB_02629","relA"
"ECB_02630","rumA"
"ECB_02631","barA"
"ECB_02632","gudD"
"ECB_02633","gudX"
"ECB_02634","gudP"
"ECB_02635","yqcA"
"ECB_02636","yqcB"
"ECB_02637","yqcC"
"RF00018.1","csrB"
"ECB_02638","syd"
"ECB_02639","yqcD"
"ECB_02640","ygdH"
"ECB_02641","sdaC"
"ECB_02642","sdaB"
"ECB_02643","xni"
"ECB_02644","fucO"
"ECB_02645","fucA"
"ECB_02646","insB-21"
"ECB_02647","insA-21"
"ECB_02645","fucA"
"ECB_02648","ECB_02648"
"ECB_02649","ECB_02649"
"ECB_02650","ECB_02650"
"ECB_02651","ECB_02651"
"ECB_02652","ECB_02652"
"ECB_02653","fucI"
"ECB_02654","fucK"
"ECB_02655","fucU"
"ECB_02656","fucR"
"ECB_02657","ygdE"
"ECB_02658","ygdD"
"ECB_02659","gcvA"
"RF00022.1","gcvB"
"ECB_02660","ygdI"
"ECB_02661","csdA"
"ECB_02662","ygdK"
"ECB_02663","ygdL"
"ECB_02664","mltA"
"ECB_t00051","metZ"
"ECB_t00052","metW"
"ECB_t00053","metV"
"ECB_02665","amiC"
"ECB_02666","argA"
"ECB_02667","recD"
"ECB_02668","recB"
"ECB_02669","ptr"
"ECB_02670","recC"
"ECB_02671","ppdC"
"ECB_02672","ygdB"
"ECB_02673","ppdB"
"ECB_02674","ppdA"
"ECB_02675","thyA"
"ECB_02676","lgt"
"ECB_02677","ptsP"
"ECB_02678","ygdP"
"ECB_02679","mutH"
"ECB_02680","ygdQ"
"ECB_02681","ygdR"
"ECB_02682","tas"
"ECB_02683","ygeD"
"ECB_02684","aas"
"RF00079.1","omrB"
"RF00079.2","omrA"
"ECB_02685","galR"
"ECB_02686","lysA"
"ECB_02687","lysR"
"ECB_02688","ygeA"
"ECB_02689","araE"
"ECB_02690","kduD"
"ECB_02691","kduI"
"ECB_02692","yqeF"
"ECB_02693","yqeG"
"ECB_02694","yqeH"
"ECB_02695","insE-5"
"ECB_02696","insF-5"
"ECB_02697","ygeQ"
"ECB_t00054","glyU"
"ECB_02698","ygeR"
"ECB_02699","xdhA"
"ECB_02700","xdhB"
"ECB_02701","xdhC"
"ECB_02702","ygeV"
"ECB_02703","ygeW"
"ECB_02704","ygeX"
"ECB_02705","ygeY"
"ECB_02706","ygeZ"
"ECB_02707","yqeA"
"ECB_02708","yqeB"
"ECB_02709","yqeC"
"ECB_02710","ygfJ"
"ECB_02711","ygfK"
"ECB_02712","ssnA"
"ECB_02713","ygfM"
"ECB_02714","xdhD"
"ECB_02715","ygfO"
"ECB_02716","guaD"
"ECB_02717","ygfQ"
"ECB_02718","ygfS"
"ECB_02719","ygfT"
"ECB_02720","ygfU"
"ECB_02721","idi"
"ECB_02722","lysS"
"ECB_02723","prfB"
"ECB_02724","recJ"
"ECB_02725","dsbC"
"ECB_02726","xerD"
"ECB_02727","fldB"
"ECB_02728","ygfX"
"ECB_02729","ygfY"
"ECB_02730","ygfZ"
"ECB_02731","yqfA"
"ECB_02732","yqfB"
"ECB_02733","bglA"
"ECB_02734","ygfF"
"ECB_02735","gcvP"
"ECB_02736","gcvH"
"ECB_02737","gcvT"
"ECB_02738","visC"
"ECB_02739","ubiH"
"ECB_02740","pepP"
"ECB_02741","ygfB"
"ECB_02742","ygfE"
"RF00013.1","6S"
"ECB_02743","ygfA"
"RF00113.5","sib"
"ECB_02744","serA"
"ECB_02745","rpiA"
"ECB_02746","yqfE"
"ECB_02747","iciA"
"ECB_02748","sbm"
"ECB_02749","argK"
"ECB_02750","ygfG"
"ECB_02751","ygfH"
"ECB_02752","ygfI"
"ECB_02753","yggE"
"ECB_02754","yggA"
"ECB_02755","yggB"
"ECB_02756","fbaA"
"ECB_02757","pgk"
"ECB_02758","epd"
"ECB_02759","yggC"
"ECB_02760","yggD"
"ECB_02761","yggF"
"ECB_02762","yggP"
"ECB_02763","cmtA"
"ECB_02764","cmtB"
"ECB_02765","tktA"
"ECB_02766","yggG"
"ECB_02767","speB"
"ECB_02768","speA"
"ECB_02769","yqgB"
"ECB_02770","yqgC"
"ECB_02771","yqgD"
"ECB_02772","metK"
"ECB_02773","galP"
"ECB_02774","sprT"
"ECB_02775","endA"
"ECB_02776","yggJ"
"ECB_02777","gshB"
"ECB_02778","yqgE"
"ECB_02779","yqgF"
"ECB_02780","yggR"
"ECB_02781","yggS"
"ECB_02782","yggT"
"ECB_02783","yggU"
"ECB_02784","yggV"
"ECB_02785","yggW"
"ECB_02786","yggM"
"ECB_02787","ansB"
"ECB_02788","yggN"
"ECB_02789","yggL"
"ECB_02790","yggH"
"ECB_02791","mutY"
"ECB_02792","yggX"
"ECB_02793","mltC"
"ECB_02794","nupG"
"ECB_02795","speC"
"ECB_02796","yqgA"
"ECB_t00055","pheV"
"ECB_02797","ECB_02797"
"ECB_02798","ECB_02798"
"ECB_02799","yeeP"
"RF00124.1","IS102"
"ECB_02800","flu"
"ECB_02801","yeeR"
"ECB_02802","ECB_02802"
"ECB_02803","yafZ"
"ECB_02804","ECB_02804"
"ECB_02805","yeeS"
"ECB_02806","yeeT"
"ECB_02807","yeeU"
"ECB_02808","yeeV"
"ECB_02809","yeeW"
"ECB_02810","ECB_02810"
"ECB_02811","ECB_02811"
"ECB_02812","ECB_02812"
"ECB_02813","ECB_02813"
"ECB_02814","ECB_02814"
"ECB_02815","ECB_02815"
"ECB_02816","ECB_02816"
"ECB_02817","ECB_02817"
"ECB_02818","ECB_02818"
"ECB_02819","ECB_02819"
"ECB_02820","ECB_02820"
"ECB_02821","ECB_02821"
"ECB_02822","ECB_02822"
"ECB_02823","insB-22"
"ECB_02824","insA-22"
"ECB_02825","ECB_02825"
"ECB_02826","ECB_02826"
"ECB_02827","ECB_02827"
"ECB_02828","ECB_02828"
"ECB_02829","yghD"
"ECB_02830","yghE"
"ECB_02831","ECB_02831"
"ECB_02832","ECB_02832"
"ECB_02833","ECB_02833"
"ECB_02834","ECB_02834"
"ECB_02835","ECB_02835"
"ECB_02836","ECB_02836"
"ECB_02837","ECB_02837"
"ECB_02838","ECB_02838"
"ECB_02839","yghF"
"ECB_02840","yghG"
"ECB_02841","pppA"
"ECB_02842","yghJ"
"ECB_02843","yghK"
"RF00117.1","C0719"
"ECB_02844","glcB"
"ECB_02845","glcG"
"ECB_02846","glcF"
"ECB_02847","glcE"
"ECB_02848","glcD"
"ECB_02849","glcC"
"ECB_02850","yghO"
"ECB_02851","ECB_02851"
"ECB_02852","ECB_02852"
"ECB_02853","ECB_02853"
"ECB_02854","ECB_02854"
"ECB_02855","ECB_02855"
"ECB_02856","ECB_02856"
"ECB_02857","ECB_02857"
"ECB_02858","ECB_02858"
"ECB_02859","yghQ"
"ECB_02860","yghR"
"ECB_02861","yghS"
"ECB_02862","yghT"
"ECB_02863","pitB"
"ECB_02864","gss"
"ECB_02865","yghU"
"ECB_02866","hybG"
"ECB_02867","hybF"
"ECB_02868","hybE"
"ECB_02869","hybD"
"ECB_02870","hybC"
"ECB_02871","hybB"
"ECB_02872","hybA"
"ECB_02873","hybO"
"ECB_02874","yghW"
"ECB_02875","yghXY"
"ECB_02876","yghZ"
"ECB_02877","yqhA"
"ECB_02878","yghA"
"ECB_02879","exbD"
"ECB_02880","exbB"
"ECB_02881","metC"
"ECB_02882","yghB"
"ECB_02883","yqhC"
"ECB_02884","yqhD"
"ECB_02885","dkgA"
"ECB_02886","yqhG"
"ECB_02887","yqhH"
"ECB_02888","ygiQ"
"ECB_02889","sufI"
"ECB_02890","plsC"
"ECB_02891","parC"
"ECB_02892","ygiS"
"ECB_02893","ygiT"
"ECB_02894","ygiU"
"ECB_02895","ygiV"
"ECB_02896","ygiW"
"ECB_02897","ygiX"
"ECB_02898","ygiY"
"ECB_02899","ygiZ"
"ECB_02900","mdaB"
"ECB_02901","ygiN"
"ECB_02902","parE"
"ECB_02903","yqiA"
"ECB_02904","cpdA"
"ECB_02905","yqiB"
"ECB_02906","yqiE"
"ECB_02907","tolC"
"ECB_02908","ygiA"
"ECB_02909","ygiB"
"ECB_02910","ygiC"
"ECB_02911","ygiD"
"ECB_02912","ygiE"
"ECB_02913","ribB"
"ECB_02914","yqiC"
"ECB_02915","ygiL"
"ECB_02916","yqiG"
"ECB_02917","yqiH"
"ECB_02918","yqiI"
"ECB_02919","glgS"
"ECB_02920","yqiJ"
"ECB_02921","yqiK"
"RF00113.6","sib"
"RF00113.7","sib"
"ECB_02922","rfaE"
"ECB_02923","glnE"
"ECB_02924","ygiF"
"ECB_02925","ygiM"
"ECB_02926","cca"
"ECB_02927","uppP"
"ECB_02928","ygiG"
"ECB_02929","ygiH"
"ECB_02930","ygiP"
"ECB_02931","ttdA"
"ECB_02932","ttdB"
"ECB_02933","ygjE"
"ECB_02934","ygjD"
"ECB_02935","rpsU"
"ECB_02936","dnaG"
"ECB_02937","rpoD"
"ECB_02938","ygjF"
"ECB_t00056","ileX"
"ECB_02939","yqjH"
"ECB_02940","yqjI"
"ECB_02941","aer"
"ECB_02942","ygjG"
"ECB_02943","ygjH"
"ECB_02944","ebgR"
"ECB_02945","ebgA"
"ECB_02946","ebgC"
"ECB_02947","ygjI"
"ECB_02948","ygjJ"
"ECB_02949","ygjK"
"ECB_02950","fadH"
"ECB_02951","ygjM"
"ECB_02952","ygjN"
"ECB_02953","ygjO"
"ECB_02954","ygjP"
"ECB_02955","ygjQ"
"ECB_02956","ygjR"
"ECB_02957","ygjT"
"ECB_02958","ygjU"
"ECB_02959","ygjV"
"ECB_02960","uxaA"
"ECB_02961","uxaC"
"ECB_02962","exuT"
"ECB_02963","exuR"
"ECB_02964","yqjA"
"ECB_02965","yqjB"
"ECB_02966","yqjC"
"ECB_02967","yqjD"
"ECB_02968","yqjE"
"ECB_02969","yqjK"
"ECB_02970","yqjF"
"ECB_02971","yqjG"
"ECB_02972","yhaH"
"ECB_02973","yhaI"
"ECB_02974","yhaJ"
"ECB_02975","yhaK"
"ECB_02976","yhaL"
"ECB_02977","yhaM"
"ECB_02978","yhaO"
"ECB_02979","tdcG"
"ECB_02980","tdcF"
"ECB_02981","tdcE"
"ECB_02982","tdcD"
"ECB_02983","tdcC"
"ECB_02984","tdcB"
"ECB_02985","tdcA"
"ECB_02986","tdcR"
"ECB_02987","yhaB"
"ECB_02988","yhaC"
"RF00010.1","RNaseP"
"ECB_02989","garK"
"ECB_02990","garR"
"ECB_02991","garL"
"ECB_02992","garP"
"ECB_02993","garD"
"ECB_02994","sohA"
"ECB_02995","yhaV"
"ECB_02996","agaR"
"ECB_02997","agaZ"
"ECB_02998","agaV"
"ECB_02999","agaW"
"ECB_03000","agaE"
"ECB_03001","agaF"
"ECB_03002","agaA"
"ECB_03003","agaS"
"ECB_03004","agaY"
"ECB_03005","agaB"
"ECB_03006","agaC"
"ECB_03007","agaD"
"ECB_03008","agaI"
"ECB_03009","yraH"
"ECB_03010","yraI"
"ECB_03011","yraJ"
"ECB_03012","yraK"
"ECB_03013","yraL"
"ECB_03014","yraM"
"ECB_03015","yraN"
"ECB_03016","yraO"
"ECB_03017","yraP"
"ECB_03018","yraQ"
"ECB_03019","yraR"
"ECB_03020","yhbO"
"ECB_03021","yhbP"
"ECB_03022","yhbQ"
"ECB_03023","yhbS"
"ECB_03024","yhbT"
"ECB_03025","yhbU"
"ECB_03026","yhbV"
"ECB_03027","yhbW"
"ECB_03028","mtr"
"ECB_03029","deaD"
"ECB_03030","nlpI"
"ECB_03031","pnp"
"RF00082.1","sraG"
"ECB_03032","rpsO"
"ECB_03033","truB"
"ECB_03034","rbfA"
"ECB_03035","infB"
"ECB_03036","nusA"
"ECB_03037","yhbC"
"RF01770.1","rimP"
"ECB_t00057","metZ"
"ECB_03038","argG"
"ECB_03039","yhbX"
"ECB_t00058","leuU"
"ECB_03040","secG"
"ECB_03041","glmM"
"ECB_03042","folP"
"ECB_03043","hflB"
"ECB_03044","rrmJ"
"ECB_03045","yhbY"
"ECB_03046","greA"
"RF01769.1","greA_leader"
"ECB_03047","dacB"
"ECB_03048","yhbZ"
"ECB_03049","yhbE"
"ECB_03050","rpmA"
"ECB_03051","rplU"
"ECB_03052","ispB"
"ECB_03053","nlp"
"ECB_03054","murA"
"ECB_03055","yrbA"
"ECB_03056","yrbB"
"ECB_03057","yrbC"
"ECB_03058","yrbD"
"ECB_03059","yrbE"
"ECB_03060","yrbF"
"ECB_03061","yrbG"
"ECB_03062","yrbH"
"ECB_03063","yrbI"
"ECB_03064","yrbK"
"ECB_03065","yhbN"
"ECB_03066","yhbG"
"ECB_03067","rpoN"
"ECB_03068","yhbH"
"ECB_03069","ptsN"
"ECB_03070","yhbJ"
"ECB_03071","ptsO"
"ECB_03072","yrbL"
"ECB_03073","mtgA"
"ECB_03074","yhbL"
"RF00081.1","arcZ"
"ECB_03075","arcB"
"ECB_03076","yhcC"
"ECB_03077","gltB"
"ECB_03078","gltD"
"ECB_03079","yhcG"
"ECB_03080","ECB_03080"
"ECB_03081","yhcH"
"ECB_03082","nanK"
"ECB_03083","nanE"
"ECB_03084","nanT"
"ECB_03085","nanA"
"ECB_03086","nanR"
"ECB_03087","dcuD"
"ECB_03088","sspB"
"ECB_03089","sspA"
"ECB_03090","rpsI"
"ECB_03091","rplM"
"ECB_03092","yhcM"
"ECB_03093","yhcB"
"ECB_03094","degQ"
"ECB_03095","degS"
"ECB_03096","mdh"
"ECB_03097","argR"
"ECB_03098","yhcN"
"ECB_03099","yhcO"
"ECB_03100","yhcP"
"ECB_03101","yhcQ"
"ECB_03102","yhcR"
"ECB_03103","yhcS"
"ECB_03104","tldD"
"ECB_03105","yhdP"
"ECB_03106","rng"
"ECB_03107","maf"
"ECB_03108","mreD"
"ECB_03109","mreC"
"ECB_03110","mreB"
"ECB_03111","yhdA"
"ECB_03112","yhdH"
"ECB_03113","accB"
"ECB_03114","accC"
"ECB_03115","yhdT"
"ECB_03116","panF"
"ECB_03117","prmA"
"ECB_03118","yhdG"
"ECB_03119","fis"
"ECB_03120","yhdJ"
"ECB_03121","yhdU"
"ECB_03122","envR"
"ECB_03123","acrE"
"ECB_03124","acrF"
"ECB_03125","yhdV"
"ECB_03126","yhdW"
"ECB_03127","yhdX"
"ECB_03128","yhdY"
"ECB_03129","yhdZ"
"ECB_r00007","rrfF"
"ECB_t00059","thrV"
"ECB_r00008","rrfD"
"ECB_r00009","rrlD"
"RF01830.3","StyR-44 "
"ECB_t00060","alaU"
"ECB_t00061","ileU"
"ECB_r00010","rrsD"
"ECB_03130","yrdA"
"ECB_03131","yrdB"
"ECB_03132","aroE"
"ECB_03133","yrdC"
"ECB_03134","yrdD"
"ECB_03135","smg"
"ECB_03136","smf"
"ECB_03137","def"
"ECB_03138","fmt"
"ECB_03139","rrmB"
"ECB_03140","trkA"
"ECB_03141","mscL"
"ECB_03142","yhdL"
"ECB_03143","zntR"
"ECB_03144","yhdN"
"ECB_03145","rplQ"
"ECB_03146","rpoA"
"ECB_03147","rpsD"
"ECB_03148","rpsK"
"ECB_03149","rpsM"
"ECB_03150","rpmJ"
"ECB_03151","prlA"
"ECB_03152","rplO"
"ECB_03153","rpmD"
"ECB_03154","rpsE"
"ECB_03155","rplR"
"ECB_03156","rplF"
"ECB_03157","rpsH"
"ECB_03158","rpsN"
"ECB_03159","rplE"
"ECB_03160","rplX"
"ECB_03161","rplN"
"ECB_03162","rpsQ"
"ECB_03163","rpmC"
"ECB_03164","rplP"
"ECB_03165","rpsC"
"ECB_03166","rplV"
"ECB_03167","rpsS"
"ECB_03168","rplB"
"ECB_03169","rplW"
"ECB_03170","rplD"
"ECB_03171","rplC"
"ECB_03172","rpsJ"
"ECB_03173","pioO"
"ECB_03174","gspA"
"ECB_03175","gspC"
"ECB_03176","gspD"
"ECB_03177","gspE"
"ECB_03178","gspF"
"ECB_03179","gspG"
"ECB_03180","gspH"
"ECB_03181","gspI"
"ECB_03182","gspJ"
"ECB_03183","gspK"
"ECB_03184","gspL"
"ECB_03185","gspM"
"ECB_03186","gspO"
"ECB_03187","bfr"
"ECB_03188","bfd"
"ECB_03189","chiA"
"ECB_03190","tuf"
"ECB_03191","fusA"
"ECB_03192","rpsG"
"ECB_03193","rpsL"
"ECB_03194","yheL"
"ECB_03195","yheM"
"ECB_03196","yheN"
"ECB_03197","yheO"
"ECB_03198","fkpA"
"ECB_03199","slyX"
"ECB_03200","slyD"
"ECB_03201","kefB"
"ECB_03202","yheR"
"ECB_03203","yheS"
"ECB_03204","yheT"
"ECB_03205","yheU"
"ECB_03206","prkB"
"ECB_03207","yhfA"
"ECB_03208","crp"
"ECB_03209","yhfK"
"ECB_03210","argD"
"ECB_03211","pabA"
"ECB_03212","fic"
"ECB_03213","yhfG"
"ECB_03214","ppiA"
"ECB_03215","yhfC"
"ECB_03216","nirB"
"ECB_03217","nirD"
"ECB_03218","nirC"
"ECB_03219","cysG"
"ECB_03220","yhfL"
"ECB_03221","yhfM"
"ECB_03222","yhfN"
"ECB_03223","frlC"
"ECB_03224","yhfQ"
"ECB_03225","yhfR"
"ECB_03226","yhfS"
"ECB_03227","insB-23"
"ECB_03228","insA-23"
"ECB_03226","yhfS"
"ECB_03229","yhfT"
"ECB_03230","yhfU"
"ECB_03231","yhfV"
"ECB_03232","yhfW"
"ECB_03233","yhfX"
"ECB_03234","yhfY"
"ECB_03235","yhfZ"
"ECB_03236","trpS"
"ECB_03237","gph"
"ECB_03238","rpe"
"ECB_03239","dam"
"ECB_03240","damX"
"ECB_03241","aroB"
"ECB_03242","aroK"
"ECB_03243","hofQ"
"ECB_03244","yrfA"
"ECB_03245","yrfB"
"ECB_03246","yrfC"
"ECB_03247","yrfD"
"ECB_03248","mrcA"
"ECB_03249","yrfE"
"ECB_03250","yrfF"
"ECB_03251","yrfG"
"ECB_03252","hslR"
"ECB_03253","hslO"
"ECB_03254","yhgE"
"ECB_03255","pckA"
"ECB_03256","envZ"
"ECB_03257","ompR"
"ECB_03258","greB"
"ECB_03259","yhgF"
"ECB_03260","feoA"
"ECB_03261","feoB"
"ECB_03262","yhgG"
"ECB_03263","yhgA"
"ECB_03264","bioH"
"ECB_03265","yhgH"
"ECB_03266","yhgI"
"ECB_03267","gntT"
"ECB_03268","malQ"
"ECB_03269","malP"
"ECB_03270","malT"
"ECB_03271","rtcA"
"ECB_03272","rtcB"
"ECB_03273","rtcR"
"ECB_03274","glpR"
"ECB_03275","glpG"
"ECB_03276","glpE"
"ECB_03277","glpD"
"ECB_03278","yzgL"
"ECB_03279","ECB_03279"
"ECB_03278","yzgL"
"ECB_03280","glgP"
"ECB_03281","glgA"
"ECB_03282","glgC"
"ECB_03283","glgX"
"ECB_03284","glgB"
"ECB_03285","asd"
"ECB_03286","yhgN"
"ECB_03287","gntU"
"ECB_03288","gntK"
"ECB_03289","gntR"
"ECB_03290","yhhW"
"ECB_03291","yhhX"
"RF00057.1","ryhB"
"ECB_03292","yhhY"
"ECB_03293","yhhZ"
"ECB_03294","yrhA"
"ECB_03295","yrhB"
"ECB_03296","ggt"
"ECB_03297","yhhA"
"ECB_03298","ugpQ"
"ECB_03299","ugpC"
"ECB_03300","ugpE"
"ECB_03301","ugpA"
"ECB_03302","ugpB"
"ECB_03303","livF"
"ECB_03304","livG"
"ECB_03305","livM"
"ECB_03306","livH"
"ECB_03307","livK"
"ECB_03308","yhhK"
"ECB_03309","livJ"
"ECB_03310","rpoH"
"ECB_03311","ftsX"
"ECB_03312","ftsE"
"ECB_03313","ftsY"
"ECB_03314","yhhF"
"ECB_03315","yhhL"
"ECB_03316","yhhM"
"ECB_03317","yhhN"
"ECB_03318","zntA"
"ECB_03319","sirA"
"ECB_03320","yhhQ"
"ECB_03321","dcrB"
"ECB_03322","yhhS"
"ECB_03323","yhhT"
"ECB_03324","acpT"
"ECB_03325","nikA"
"ECB_03326","nikB"
"ECB_03327","nikC"
"ECB_03328","nikD"
"ECB_03329","nikE"
"ECB_03330","nikR"
"ECB_03331","rhsB"
"ECB_03332","yhhH"
"ECB_03333","yrhC"
"ECB_03334","yhhI"
"ECB_03335","yhhJ"
"ECB_03336","yhiH"
"ECB_03337","yhiI"
"ECB_03338","yhiJ"
"ECB_03339","yhiKL"
"ECB_03340","yhiM"
"ECB_03341","yhiN"
"ECB_03342","pitA"
"ECB_03343","yhiO"
"ECB_03344","uspA"
"ECB_03345","yhiP"
"ECB_03346","yhiQ"
"ECB_03347","prlC"
"ECB_03348","yhiR"
"ECB_03349","gor"
"ECB_03350","arsR"
"ECB_03351","arsB"
"ECB_03352","arsC"
"ECB_03353","yhiS"
"ECB_03354","slp"
"ECB_03355","yhiF"
"ECB_03356","yhiD"
"ECB_03357","hdeB"
"ECB_03358","hdeA"
"ECB_03359","hdeD"
"ECB_03360","yhiE"
"ECB_03361","yhiU"
"ECB_03362","yhiV"
"ECB_03363","yhiW"
"RF00122.1","gadY"
"ECB_03364","gadX"
"ECB_03365","gadA"
"ECB_03366","yhjA"
"ECB_03367","treF"
"ECB_03368","yhjB"
"ECB_03369","yhjC"
"ECB_03370","yhjD"
"ECB_03371","yhjE"
"ECB_03372","yhjG"
"ECB_03373","yhjH"
"ECB_03374","kdgK"
"ECB_03375","yhjJ"
"ECB_03376","dctA"
"ECB_03377","yhjK"
"ECB_03378","bcsC"
"ECB_03379","bcsZ"
"ECB_03380","yhjN"
"ECB_03381","yhjO"
"ECB_03382","yhjQ"
"ECB_03383","yhjR"
"ECB_03384","yhjS"
"ECB_03385","yhjT"
"ECB_03386","yhjU"
"ECB_03387","ldrD"
"RF01813.4","rdlD"
"ECB_03388","ldrD"
"RF01813.5","rdlD"
"ECB_03389","ldrD"
"RF01813.6","rdlD"
"ECB_03390","yhjV"
"ECB_03391","dppF"
"ECB_03392","dppD"
"ECB_03393","dppC"
"ECB_03394","dppB"
"ECB_03395","dppA"
"ECB_t00062","proK"
"ECB_03396","yhjW"
"ECB_03397","yhjX"
"ECB_03398","yhjY"
"ECB_03399","tag"
"ECB_03400","yiaC"
"ECB_03401","bisC"
"ECB_03402","yiaD"
"ECB_03403","tkrA"
"ECB_03404","yiaF"
"ECB_03405","yiaG"
"ECB_03406","cspA"
"ECB_03407","hokA"
"ECB_03408","insJ-4"
"ECB_03409","insK-4"
"RF01794.5","sokA"
"ECB_03410","glyS"
"ECB_03411","glyQ"
"ECB_03412","ECB_03412"
"ECB_03413","yiaH"
"ECB_03414","yiaA"
"ECB_03415","yiaB"
"ECB_03416","xylB"
"ECB_03417","xylA"
"ECB_03418","xylF"
"ECB_03419","xylG"
"ECB_03420","xylH"
"ECB_03421","xylR"
"ECB_03422","bax"
"ECB_03423","malS"
"ECB_03424","avtA"
"ECB_03425","yiaI"
"ECB_03426","yiaJ"
"ECB_03427","yiaK"
"ECB_03428","yiaL"
"ECB_03429","yiaM"
"ECB_03430","yiaN"
"ECB_03431","yiaO"
"ECB_03432","lyxK"
"ECB_03433","sgbH"
"ECB_03434","sgbU"
"ECB_03435","sgbE"
"ECB_03436","ECB_03436"
"ECB_03437","ECB_03437"
"ECB_03438","ECB_03438"
"ECB_03439","yiaT"
"ECB_03440","yiaU"
"ECB_03441","yiaV"
"ECB_03442","yiaW"
"ECB_03443","aldB"
"ECB_03444","yiaY"
"ECB_03445","selB"
"ECB_03446","selA"
"ECB_03447","yibF"
"ECB_03448","rhsA"
"ECB_03449","yibA"
"ECB_03450","yibJ"
"ECB_03451","yibG"
"ECB_03452","yibH"
"ECB_03453","yibI"
"ECB_03454","mtlA"
"ECB_03455","mtlD"
"ECB_03456","mtlR"
"ECB_03457","ECB_03457"
"ECB_03458","yibL"
"ECB_03459","ECB_03459"
"ECB_03460","ECB_03460"
"ECB_03461","lldP"
"ECB_03462","lldR"
"ECB_03463","lldD"
"ECB_03464","yibK"
"ECB_03465","cysE"
"ECB_03466","gpsA"
"ECB_03467","secB"
"ECB_03468","grxC"
"ECB_03469","yibN"
"ECB_03470","yibO"
"ECB_03471","yibP"
"ECB_03472","yibQ"
"ECB_03473","yibD"
"ECB_03474","tdh"
"ECB_03475","kbl"
"ECB_03476","gumD"
"ECB_03477","waaF"
"ECB_03478","waaC"
"ECB_03479","waaL"
"ECB_03480","waaV"
"ECB_03481","waaW"
"ECB_03482","waaY"
"ECB_03483","waaT"
"ECB_03484","insB-24"
"ECB_03485","insA-24"
"ECB_03483","waaT"
"ECB_03486","waaO"
"ECB_03487","waaP"
"ECB_03488","waaG"
"ECB_03489","waaQ"
"ECB_03490","waaA"
"ECB_03491","coaD"
"ECB_03492","mutM"
"ECB_03493","rpmG"
"ECB_03494","rpmB"
"ECB_03495","radC"
"ECB_03496","dfp"
"ECB_03497","dut"
"ECB_03498","slmA"
"ECB_03499","pyrE"
"ECB_03500","rph"
"ECB_03501","yicC"
"ECB_03502","dinD"
"ECB_03503","yicG"
"ECB_03504","yicF"
"ECB_03505","gmk"
"ECB_03506","rpoZ"
"ECB_03507","spoT"
"ECB_03508","trmH"
"ECB_03509","recG"
"ECB_03510","ECB_03510"
"ECB_03511","gltS"
"ECB_03512","yicE"
"ECB_03513","yicH"
"ECB_03514","yicI"
"ECB_03515","yicJ"
"ECB_t00063","selC"
"ECB_03516","ECB_03516"
"ECB_03517","ECB_03517"
"ECB_03518","ECB_03518"
"ECB_03519","ECB_03519"
"ECB_03520","ECB_03520"
"ECB_03521","ECB_03521"
"ECB_03522","ECB_03522"
"ECB_03523","ECB_03523"
"ECB_03524","ECB_03524"
"RF01387.1","isrC"
"ECB_03525","ECB_03525"
"ECB_03526","ECB_03526"
"ECB_03527","ECB_03527"
"ECB_03528","ECB_03528"
"ECB_03529","ECB_03529"
"ECB_03530","ECB_03530"
"ECB_03531","ECB_03531"
"ECB_03532","ECB_03532"
"ECB_03533","ECB_03533"
"ECB_03534","ECB_03534"
"ECB_03535","ykgN"
"ECB_03536","insI"
"ECB_03537","yeeV"
"ECB_03538","ECB_03538"
"ECB_03539","ECB_03539"
"ECB_03540","ECB_03540"
"ECB_03541","ECB_03541"
"ECB_03542","yicK"
"ECB_03543","yicL"
"ECB_03544","nlpA"
"ECB_03545","ECB_03545"
"ECB_03546","yicM"
"ECB_03547","yicN"
"ECB_03548","yicO"
"ECB_03549","ade"
"ECB_03550","uhpT"
"ECB_03551","uhpC"
"ECB_03552","uhpB"
"ECB_03553","uhpA"
"ECB_03554","ilvN"
"ECB_03555","ilvB"
"ECB_03556","ivbL"
"RF01400.1","istR"
"ECB_03557","emrD"
"ECB_03558","yidF"
"ECB_03559","yidG"
"ECB_03560","yidH"
"ECB_03561","yidI"
"ECB_03562","yidJ"
"ECB_03563","yidK"
"ECB_03564","yidL"
"ECB_03565","glvG"
"ECB_03566","glvBC"
"ECB_03567","yidP"
"ECB_03568","yidE"
"ECB_03569","ibpB"
"ECB_03570","ibpA"
"ECB_03571","yidQ"
"ECB_03572","yidR"
"ECB_03573","yidS"
"ECB_03574","dgoT"
"ECB_03575","dgoD"
"ECB_03576","dgoA"
"ECB_03577","dgoK"
"ECB_03578","dgoR"
"ECB_03579","yidX"
"ECB_03580","yidA"
"ECB_03581","yidB"
"ECB_03582","gyrB"
"ECB_03583","recF"
"ECB_03584","dnaN"
"ECB_03585","dnaA"
"ECB_03586","rpmH"
"ECB_03587","rnpA"
"ECB_03588","yidD"
"ECB_03589","yidC"
"ECB_03590","trmE"
"ECB_03591","tnaL"
"ECB_03592","tnaA"
"ECB_03593","tnaB"
"ECB_03594","yidY"
"ECB_03595","yidZ"
"ECB_03596","yieE"
"ECB_03597","yieF"
"ECB_03598","yieG"
"ECB_03599","yieH"
"ECB_03600","yieI"
"ECB_03601","yieJ"
"ECB_03602","yieK"
"ECB_03603","yieL"
"ECB_03604","yieC"
"ECB_03605","bglB"
"ECB_03606","bglF"
"ECB_03607","bglG"
"ECB_03608","phoU"
"ECB_03609","pstB"
"ECB_03610","pstA"
"ECB_03611","pstC"
"ECB_03612","pstS"
"ECB_03613","glmS"
"ECB_03614","glmU"
"RF02060.1","STnc410"
"ECB_03615","atpC"
"ECB_03616","atpD"
"ECB_03617","atpG"
"ECB_03618","atpA"
"ECB_03619","atpH"
"ECB_03620","atpF"
"ECB_03621","atpE"
"ECB_03622","atpB"
"ECB_03623","atpI"
"ECB_03624","gidB"
"ECB_03625","gidA"
"ECB_03626","mioC"
"ECB_03627","asnC"
"ECB_03628","asnA"
"ECB_03629","yieM"
"ECB_03630","yieN"
"ECB_03631","kup"
"ECB_03632","insJ-5"
"ECB_03633","insK-5"
"ECB_03634","rbsD"
"ECB_03635","rbsA"
"ECB_03636","rbsC"
"ECB_03637","rbsB"
"ECB_03638","rbsK"
"ECB_03639","rbsR"
"ECB_03640","yieO"
"ECB_03641","yieP"
"ECB_r00011","rrsC"
"ECB_t00064","gltU"
"RF01830.4","StyR-44"
"ECB_r00012","rrlC"
"ECB_r00013","rrfC"
"ECB_t00065","aspT"
"ECB_t00066","trpT"
"ECB_03642","hdfR"
"ECB_03643","yifE"
"ECB_03644","yifB"
"ECB_03645","ilvL"
"ECB_03646","ilvG"
"ECB_03647","ilvM"
"ECB_03648","ilvE"
"ECB_03649","ilvD"
"ECB_03650","ilvA"
"ECB_03651","ilvY"
"ECB_03652","ilvC"
"ECB_03653","ppiC"
"ECB_03654","ECB_03654"
"ECB_03655","yifN"
"ECB_03656","rep"
"ECB_03657","gppA"
"ECB_03658","rhlB"
"ECB_03659","trxA"
"ECB_03660","rhoL"
"ECB_03661","rho"
"ECB_03662","rfe"
"ECB_03663","wzzE"
"ECB_03664","wecB"
"ECB_03665","wecC"
"ECB_03666","rffG"
"ECB_03667","rffH"
"ECB_03668","wecD"
"ECB_03669","wecE"
"ECB_03670","wzxE"
"ECB_03671","rffT"
"ECB_03672","wecF"
"ECB_03673","wecG"
"ECB_03674","yifK"
"ECB_t00067","argX"
"ECB_t00068","hisR"
"ECB_t00069","leuT"
"ECB_t00070","proM"
"ECB_03675","aslB"
"ECB_03676","aslA"
"RF00083.2","glmZ"
"RF00128.2","glmY"
"ECB_03677","hemY"
"ECB_03678","hemX"
"ECB_03679","hemD"
"ECB_03680","hemC"
"ECB_03681","cyaA"
"ECB_03682","cyaY"
"ECB_03683","yzcX"
"ECB_03684","yifL"
"ECB_03685","dapF"
"ECB_03686","yigA"
"ECB_03687","xerC"
"ECB_03688","yigB"
"ECB_03689","uvrD"
"ECB_03690","ECB_03690"
"ECB_03691","yigE"
"ECB_03692","corA"
"ECB_03693","ECB_03693"
"ECB_03694","ECB_03694"
"ECB_03695","ECB_03695"
"ECB_03696","yigF"
"ECB_03697","yigG"
"ECB_03698","rarD"
"ECB_03699","yigI"
"ECB_03700","pldA"
"ECB_03701","recQ"
"ECB_03702","rhtC"
"ECB_03703","rhtB"
"ECB_03704","pldB"
"ECB_03705","yigL"
"ECB_03706","yigM"
"ECB_03707","metR"
"ECB_03708","metE"
"ECB_03709","ECB_03709"
"ECB_03710","ECB_03710"
"ECB_03711","ECB_03711"
"ECB_03712","ECB_03712"
"ECB_03713","ECB_03713"
"ECB_03714","ECB_03714"
"ECB_03715","ECB_03715"
"ECB_03716","ECB_03716"
"ECB_03717","ysgA"
"ECB_03718","udp"
"ECB_03719","ECB_03719"
"ECB_03720","ECB_03720"
"ECB_03721","ECB_03721"
"ECB_03722","ECB_03722"
"ECB_03723","ECB_03723"
"ECB_03724","ECB_03724"
"ECB_03725","yigN"
"ECB_03726","ubiE"
"ECB_03727","yigP"
"ECB_03728","ubiB"
"ECB_03729","tatA"
"ECB_03730","tatB"
"ECB_03731","tatC"
"ECB_03732","tatD"
"ECB_03733","rfaH"
"ECB_03734","ubiD"
"ECB_03735","fre"
"ECB_03736","fadA"
"ECB_03737","fadB"
"ECB_03738","pepQ"
"ECB_03739","yigZ"
"ECB_03740","trkH"
"ECB_03741","hemG"
"ECB_r00014","rrsA"
"ECB_t00071","ileT"
"ECB_t00072","alaT"
"RF01830.5","StyR-44"
"ECB_r00015","rrlA"
"ECB_r00016","rrfA"
"ECB_03742","mobB"
"ECB_03743","mobA"
"ECB_03744","yihD"
"ECB_03745","yihE"
"ECB_03746","dsbA"
"ECB_03747","yihF"
"ECB_03748","yihG"
"ECB_03749","polA"
"RF00021.1","spf"
"ECB_03750","yihA"
"RF00084.1","csrC"
"ECB_03751","yihI"
"ECB_03752","hemN"
"ECB_03753","glnG"
"ECB_03754","glnL"
"ECB_03755","glnA"
"ECB_03756","bipA"
"RF02064.1","STnc370"
"ECB_03757","yihL"
"ECB_03758","yihM"
"ECB_03759","yihN"
"ECB_03760","yshA"
"ECB_03761","yihO"
"ECB_03762","yihP"
"ECB_03763","yihQ"
"ECB_03764","yihR"
"ECB_03765","yihS"
"ECB_03766","yihT"
"ECB_03767","yihU"
"ECB_03768","yihV"
"ECB_03769","yihW"
"ECB_03770","yihX"
"ECB_03771","rbn"
"ECB_03772","dtd"
"ECB_03773","yiiD"
"ECB_03774","yiiE"
"ECB_03775","yiiF"
"ECB_03776","fdhE"
"ECB_03777","fdoI"
"ECB_03778","fdoH"
"ECB_03779","fdoG"
"ECB_03780","fdhD"
"ECB_03781","yiiG"
"ECB_03782","frvR"
"ECB_03783","frvX"
"ECB_03784","frvB"
"ECB_03785","frvA"
"ECB_03786","ECB_03786"
"ECB_03787","yiiL"
"ECB_03788","rhaD"
"ECB_03789","rhaA"
"ECB_03790","rhaB"
"ECB_03791","rhaS"
"ECB_03792","rhaR"
"ECB_03793","rhaT"
"ECB_03794","sodA"
"ECB_03795","kdgT"
"ECB_03796","yiiM"
"ECB_03797","cpxA"
"ECB_03798","cpxR"
"ECB_03799","cpxP"
"ECB_03800","fieF"
"ECB_03801","pfkA"
"ECB_03802","sbp"
"ECB_03803","cdh"
"ECB_03804","tpiA"
"ECB_03805","yiiQ"
"ECB_03806","yiiR"
"ECB_03807","yiiS"
"ECB_03808","yiiT"
"ECB_03809","fpr"
"ECB_03810","glpX"
"ECB_03811","glpK"
"ECB_03812","glpF"
"ECB_03813","yiiU"
"ECB_03814","menG"
"ECB_03815","menA"
"ECB_03816","hslU"
"ECB_03817","hslV"
"ECB_03818","ftsN"
"ECB_03819","cytR"
"ECB_03820","priA"
"ECB_03821","rpmE"
"ECB_03822","ECB_03822"
"ECB_03823","yiiX"
"ECB_03824","metJ"
"ECB_03825","metB"
"ECB_03826","metL"
"ECB_03827","metF"
"ECB_03828","katG"
"ECB_03829","yijE"
"ECB_03830","yijF"
"ECB_03831","gldA"
"ECB_03832","talC"
"ECB_03833","ptsA"
"ECB_03834","frwC"
"ECB_03835","frwB"
"ECB_03836","pflD"
"ECB_03837","pflC"
"ECB_03838","frwD"
"ECB_03839","yijO"
"ECB_03840","yijP"
"ECB_03841","ppc"
"ECB_03842","argE"
"ECB_03843","argC"
"ECB_03844","argB"
"ECB_03845","argH"
"RF00035.1","oxyS"
"ECB_03846","oxyR"
"ECB_03847","udhA"
"ECB_03848","yijC"
"ECB_03849","yijD"
"ECB_03850","trmA"
"ECB_03851","btuB"
"ECB_03852","murI"
"ECB_r00017","rrsB"
"ECB_t00073","gltT"
"RF01830.6","StyR-44"
"ECB_r00018","rrlB"
"ECB_r00019","rrfB"
"ECB_03853","murB"
"ECB_03854","birA"
"ECB_03855","coaA"
"ECB_t00074","thrU"
"ECB_t00075","tyrU"
"ECB_t00076","glyT"
"ECB_t00077","thrT"
"ECB_03856","tuf"
"ECB_03857","secE"
"ECB_03858","nusG"
"ECB_03859","rplK"
"ECB_03860","rplA"
"ECB_03861","rplJ"
"ECB_03862","rplL"
"RF00630.1","P26"
"ECB_03863","rpoB"
"ECB_03864","rpoC"
"ECB_03865","htrC"
"RF00372.1","sroH"
"ECB_03866","thiH"
"ECB_03867","thiG"
"ECB_03868","thiS"
"ECB_03869","thiF"
"ECB_03870","thiE"
"ECB_03871","thiC"
"ECB_03872","rsd"
"ECB_03873","nudC"
"ECB_03874","hemE"
"ECB_03875","nfi"
"ECB_03876","yjaG"
"ECB_03877","hupA"
"ECB_03878","yjaH"
"ECB_03879","zraP"
"ECB_03880","zraS"
"ECB_03881","zraR"
"ECB_03882","purD"
"ECB_03883","purH"
"ECB_r00020","rrsE"
"ECB_t00078","gltV"
"RF01830.7","StyR-44"
"ECB_r00021","rrlE"
"ECB_r00022","rrfE"
"ECB_03884","yjaB"
"ECB_03885","metA"
"ECB_03886","aceB"
"ECB_03887","aceA"
"ECB_03888","aceK"
"ECB_03889","arpA"
"ECB_03890","iclR"
"ECB_03891","metH"
"ECB_03892","yjbB"
"ECB_03893","pepE"
"ECB_03894","yjbC"
"ECB_03895","yjbD"
"ECB_03896","lysC"
"ECB_03897","pgi"
"RF02053.1","STnc430"
"ECB_03898","yjbE"
"ECB_03899","yjbF"
"ECB_03900","yjbG"
"ECB_03901","yjbH"
"ECB_03902","yjbA"
"ECB_03903","xylE"
"ECB_03904","malG"
"ECB_03905","malF"
"ECB_03906","malE"
"ECB_03907","malK"
"ECB_03908","lamB"
"ECB_03909","malM"
"ECB_03910","yjbI"
"ECB_03911","ubiC"
"ECB_03912","ubiA"
"ECB_03913","plsB"
"ECB_03914","dgkA"
"ECB_03915","lexA"
"ECB_03916","dinF"
"ECB_03917","yjbJ"
"ECB_03918","zur"
"ECB_03919","yjbL"
"ECB_03920","yjbM"
"ECB_03921","yjbN"
"ECB_03922","yjbO"
"ECB_03923","qor"
"ECB_03924","dnaB"
"ECB_03925","alr"
"ECB_03926","tyrB"
"ECB_03927","aphA"
"ECB_03928","yjbQ"
"ECB_03929","yjbR"
"ECB_03930","uvrA"
"ECB_03931","ssb"
"ECB_03932","yjcB"
"ECB_03933","yjcC"
"ECB_03934","soxS"
"ECB_03935","soxR"
"RF01408.1","sraL"
"ECB_03936","yjcD"
"ECB_03937","yjcE"
"ECB_03938","yjcF"
"ECB_03939","actP"
"ECB_03940","yjcH"
"ECB_03941","acs"
"ECB_03942","nrfA"
"ECB_03943","nrfB"
"ECB_03944","nrfC"
"ECB_03945","nrfD"
"ECB_03946","nrfE"
"ECB_03947","nrfF"
"ECB_03948","nrfG"
"ECB_03949","gltP"
"ECB_03950","yjcO"
"ECB_03951","fdhF"
"ECB_03952","yjcP"
"ECB_03953","yjcQ"
"ECB_03954","yjcR"
"ECB_03955","yjcS"
"ECB_03956","alsK"
"ECB_03957","alsE"
"ECB_03958","alsC"
"ECB_03959","alsA"
"ECB_03960","alsB"
"ECB_03961","rpiR"
"ECB_03962","rpiB"
"ECB_03963","yjdP"
"ECB_03964","phnP"
"ECB_03965","phnO"
"ECB_03966","phnN"
"ECB_03967","phnM"
"ECB_03968","phnL"
"ECB_03969","phnK"
"ECB_03970","phnJ"
"ECB_03971","phnI"
"ECB_03972","phnH"
"ECB_03973","phnG"
"ECB_03974","phnF"
"ECB_03975","phnE"
"ECB_03976","phnD"
"ECB_03977","phnC"
"ECB_03978","phnB"
"ECB_03979","phnA"
"ECB_03980","yjdA"
"ECB_03981","yjcZ"
"ECB_03982","proP"
"RF02052.1","STnc630"
"ECB_03983","basS"
"ECB_03984","basR"
"ECB_03985","yjdB"
"ECB_03986","yjdE"
"ECB_03987","adiY"
"ECB_03988","adiA"
"ECB_03989","melR"
"ECB_03990","melA"
"ECB_03991","melB"
"ECB_03992","yjdF"
"ECB_03993","fumB"
"ECB_03994","dcuB"
"ECB_03995","dcuR"
"ECB_03996","dcuS"
"ECB_03997","yjdI"
"ECB_03998","yjdJ"
"ECB_03999","yjdK"
"ECB_04000","lysU"
"ECB_04001","yjdL"
"ECB_04002","cadA"
"ECB_04003","cadB"
"ECB_04004","cadC"
"ECB_t00079","pheU"
"ECB_04005","yjdC"
"ECB_04006","dsbD"
"ECB_04007","cutA"
"ECB_04008","dcuA"
"ECB_04009","aspA"
"ECB_04010","fxsA"
"ECB_04011","yjeH"
"ECB_04012","groES"
"ECB_04013","groEL"
"ECB_04014","yjeI"
"ECB_04015","yjeJ"
"ECB_04016","yjeK"
"ECB_04017","efp"
"ECB_04018","ecnA"
"ECB_04019","ecnB"
"ECB_04020","sugE"
"ECB_04021","blc"
"ECB_04022","ampC"
"ECB_04023","frdD"
"ECB_04024","frdC"
"ECB_04025","frdB"
"ECB_04026","frdA"
"ECB_04027","yjeA"
"ECB_04028","yjeM"
"ECB_04029","yjeP"
"ECB_04030","psd"
"ECB_04031","yjeQ"
"ECB_04032","orn"
"ECB_t00080","glyV"
"ECB_t00081","glyX"
"ECB_t00082","glyY"
"ECB_04033","yjeS"
"ECB_04034","yjeF"
"ECB_04035","yjeE"
"ECB_04036","amiB"
"ECB_04037","mutL"
"ECB_04038","miaA"
"ECB_04039","hfq"
"ECB_04040","hflX"
"ECB_04041","hflK"
"ECB_04042","hflC"
"ECB_04043","yjeT"
"ECB_04044","purA"
"ECB_04045","yjeB"
"ECB_04046","rnr"
"ECB_04047","yjfH"
"ECB_04048","yjfI"
"ECB_04049","yjfJ"
"ECB_04050","yjfK"
"ECB_04051","yjfL"
"ECB_04052","yjfM"
"ECB_04053","yjfC"
"ECB_04054","aidB"
"ECB_04055","yjfN"
"ECB_04056","yjfO"
"ECB_04057","yjfP"
"ECB_04058","yjfQ"
"ECB_04059","yjfR"
"ECB_04060","ulaA"
"ECB_04061","sgaB"
"ECB_04062","ptxA"
"ECB_04063","sgaH"
"ECB_04064","sgaU"
"ECB_04065","sgaE"
"ECB_04066","yjfY"
"ECB_04067","rpsF"
"ECB_04068","priB"
"ECB_04069","rpsR"
"ECB_04070","rplI"
"ECB_04071","ECB_04071"
"ECB_04072","ECB_04072"
"ECB_04073","ECB_04073"
"ECB_04074","ECB_04074"
"ECB_04075","ECB_04075"
"ECB_04076","ECB_04076"
"ECB_04077","ytfA"
"ECB_04078","ytfB"
"ECB_04079","fklB"
"ECB_04080","cycA"
"ECB_04081","ytfE"
"ECB_04082","ytfF"
"ECB_04083","ytfG"
"ECB_04084","ytfH"
"ECB_04085","cpdB"
"ECB_04086","cysQ"
"ECB_04087","ytfJ"
"ECB_04088","ytfK"
"ECB_04089","ytfL"
"RF02051.1","STnc450"
"ECB_04090","msrA"
"ECB_04091","ytfM"
"ECB_04092","ytfN"
"ECB_04093","ytfP"
"ECB_04094","yzfA"
"ECB_04095","ppa"
"ECB_04096","ytfQ"
"ECB_04097","ytfR"
"ECB_04098","ytfT"
"ECB_04099","yjfF"
"ECB_04100","fbp"
"ECB_04101","mpl"
"ECB_04102","yjgA"
"ECB_04103","pmbA"
"ECB_04104","cybC"
"ECB_04105","nrdG"
"ECB_04106","nrdD"
"ECB_04107","treC"
"ECB_04108","treB"
"ECB_04109","treR"
"ECB_04110","mgtA"
"ECB_04111","yjgF"
"ECB_04112","pyrI"
"ECB_04113","pyrB"
"ECB_04114","pyrL"
"ECB_04115","yjgH"
"ECB_04116","yjgI"
"ECB_04117","yjgJ"
"ECB_04118","yjgK"
"ECB_04119","yjgL"
"ECB_04120","argI"
"ECB_04121","yjgD"
"ECB_04122","yjgM"
"ECB_04123","yjgN"
"ECB_04124","valS"
"ECB_04125","holC"
"ECB_04126","pepA"
"ECB_04127","yjgP"
"ECB_04128","yjgQ"
"ECB_04129","yjgR"
"ECB_04130","idnR"
"ECB_04131","idnT"
"ECB_04132","idnO"
"ECB_04133","idnD"
"ECB_04134","idnK"
"ECB_04135","yjgB"
"ECB_t00083","leuX"
"ECB_04136","intB"
"ECB_04137","yjgW"
"ECB_04138","yjgX"
"ECB_04139","yjgZ"
"ECB_04140","insG"
"ECB_04141","yjhB"
"ECB_04142","yjhC"
"ECB_04143","yjhD"
"ECB_04144","yjhE"
"ECB_04145","insN"
"ECB_04146","yis1"
"ECB_04147","ECB_04147"
"ECB_04148","ECB_04148"
"ECB_04149","yis2"
"ECB_04150","yis1"
"ECB_04151","ECB_04151"
"ECB_04152","ECB_04152"
"ECB_04153","fecE"
"ECB_04154","fecD"
"ECB_04155","fecC"
"ECB_04156","fecB"
"ECB_04157","fecA"
"ECB_04158","fecR"
"ECB_04159","fecI"
"ECB_04160","insA-25"
"ECB_04161","insB-25"
"ECB_04162","ECB_04162"
"ECB_04163","insB-26"
"ECB_04164","insA-26"
"ECB_04165","sgcR"
"ECB_04166","sgcE"
"ECB_04167","sgcA"
"ECB_04168","sgcQ"
"ECB_04169","sgcC"
"ECB_04170","sgcB"
"ECB_04171","sgcX"
"ECB_04172","yjhP"
"ECB_04173","yjhQ"
"ECB_04174","ECB_04174"
"ECB_04175","yjhR"
"ECB_04176","yjhS"
"ECB_04177","yjhT"
"ECB_04178","yjhA"
"ECB_04179","fimB"
"ECB_04180","insB-27"
"ECB_04181","insA-27"
"ECB_04179","fimB"
"ECB_04182","fimE"
"ECB_04183","fimA"
"ECB_04184","fimI"
"ECB_04185","fimC"
"ECB_04186","fimD"
"ECB_04187","fimF"
"ECB_04188","fimG"
"ECB_04189","fimH"
"ECB_04190","gntP"
"ECB_04191","uxuA"
"ECB_04192","uxuB"
"ECB_04193","uxuR"
"ECB_04194","yjiC"
"ECB_04195","yjiD"
"ECB_04196","yjiE"
"ECB_04197","iadA"
"ECB_04198","yjiG"
"ECB_04199","yjiH"
"ECB_04200","kptA"
"ECB_04201","yjiJ"
"ECB_04202","yjiK"
"ECB_04203","yjiL"
"ECB_04204","yjiM"
"ECB_04205","yjiN"
"ECB_04206","yjiO"
"ECB_04207","yjiPQ"
"ECB_04208","insA-28"
"ECB_04209","insB-28"
"ECB_04210","yjiV"
"ECB_04211","mcrC"
"ECB_04212","mcrB"
"ECB_04213","yjiW"
"RF01809.1","symR"
"ECB_04214","hsdS"
"ECB_04215","hsdM"
"ECB_04216","hsdR"
"ECB_04217","mrr"
"ECB_04218","yjiA"
"ECB_04219","yjiX"
"ECB_04220","yjiY"
"ECB_04221","hpaC"
"ECB_04222","hpaB"
"ECB_04223","hpaA"
"ECB_04224","hpaX"
"ECB_04225","hpaI"
"ECB_04226","hpaH"
"ECB_04227","hpaF"
"ECB_04228","hpaD"
"ECB_04229","hpaE"
"ECB_04230","hpaG"
"ECB_04231","hpaR"
"ECB_04232","tsr"
"ECB_04233","yjiZ"
"ECB_04234","yjjM"
"ECB_04235","yjjN"
"ECB_04236","mdoB"
"ECB_04237","yjjA"
"ECB_04238","dnaC"
"ECB_04239","dnaT"
"ECB_04240","yjjB"
"ECB_04241","yjjP"
"ECB_04242","yjjQ"
"ECB_04243","bglJ"
"ECB_04244","fhuF"
"ECB_04245","yjjZ"
"ECB_t00084","leuV"
"ECB_t00085","leuP"
"ECB_t00086","leuQ"
"ECB_04246","rsmC"
"ECB_04247","holD"
"ECB_04248","rimI"
"ECB_04249","yjjG"
"ECB_04250","prfC"
"ECB_04251","osmY"
"ECB_04252","ytjA"
"ECB_04253","yjjU"
"ECB_04254","yjjV"
"ECB_04255","yjjW"
"ECB_04256","yjjI"
"ECB_04257","deoC"
"ECB_04258","deoA"
"ECB_04259","deoB"
"ECB_04260","deoD"
"ECB_04261","ECB_04261"
"ECB_04262","lplA"
"ECB_04263","smp"
"ECB_04264","serB"
"ECB_04265","sms"
"ECB_04266","nadR"
"ECB_04267","yjjK"
"ECB_04268","slt"
"ECB_04269","trpR"
"ECB_04270","yjjX"
"ECB_04271","gpmB"
"ECB_04272","rob"
"ECB_04273","creA"
"ECB_04274","creB"
"ECB_04275","creC"
"ECB_04276","creD"
"ECB_04277","arcA"
"ECB_04278","yjjY"
"ECB_04279","lasT"
